DROP SCHEMA IF EXISTS `stepupdb`;
CREATE SCHEMA `stepupdb` ;
USE `stepupdb`;

---DROP all tables in descending order-------
DROP TABLE IF EXISTS `stepupdb`.`order_delivery`;
DROP TABLE IF EXISTS `stepupdb`.`order`;
DROP TABLE IF EXISTS `stepupdb`.`product`;
DROP TABLE IF EXISTS `stepupdb`.`shop`;
DROP TABLE IF EXISTS `stepupdb`.`users`;

CREATE TABLE IF NOT EXISTS `stepupdb`.`users` (
  `id` INT NOT NULL,
  `first_name` VARCHAR(45) NULL,
  `last_name` VARCHAR(45) NULL,
  `mobile_no` BIGINT(10) NULL,
  `address` VARCHAR(100) NULL,
  `user_type` TINYINT(1) NULL,
  `created_at` DATETIME NULL DEFAULT NOW(),
  `updated_at` DATETIME NULL ON UPDATE NOW(),
   CONSTRAINT pk_users_id PRIMARY KEY (`id`)
 );

insert into users (id, first_name, last_name, mobile_no, address, user_type, created_at, updated_at) values (1, 'Rachel', 'Willcocks', 9967520961, 'Salogon', 3, '2025-01-17 12:29:05', '2024-06-14 16:14:50');
insert into users (id, first_name, last_name, mobile_no, address, user_type, created_at, updated_at) values (2, 'Audry', 'McCool', 9986377406, 'Saguiaran', 1, '2025-03-10 19:18:22', '2025-01-15 14:12:15');
insert into users (id, first_name, last_name, mobile_no, address, user_type, created_at, updated_at) values (3, 'Robb', 'Menilove', 9977786502, 'Buenos Aires', 3, '2024-04-06 14:29:25', '2024-06-19 07:29:41');
insert into users (id, first_name, last_name, mobile_no, address, user_type, created_at, updated_at) values (4, 'Viva', 'Villiers', 9942790687, 'Santa Rosa', 3, '2024-08-12 13:49:03', '2025-02-28 09:03:00');
insert into users (id, first_name, last_name, mobile_no, address, user_type, created_at, updated_at) values (5, 'Roxanne', 'Braybrooke', 9994379837, 'Helmas', 2, '2024-07-19 04:06:46', '2024-05-01 18:27:49');
insert into users (id, first_name, last_name, mobile_no, address, user_type, created_at, updated_at) values (6, 'Caitlin', 'Lambrick', 9973366929, 'Yermolino', 2, '2024-05-11 20:34:23', '2024-07-24 06:23:46');
insert into users (id, first_name, last_name, mobile_no, address, user_type, created_at, updated_at) values (7, 'Jenna', 'McCracken', 9922036161, 'Buenavista', 3, '2024-08-04 23:53:05', '2024-10-16 16:28:55');
insert into users (id, first_name, last_name, mobile_no, address, user_type, created_at, updated_at) values (8, 'Sabina', 'Bottomer', 9968499039, 'Maochen', 1, '2024-06-04 17:59:09', '2024-12-20 11:00:01');
insert into users (id, first_name, last_name, mobile_no, address, user_type, created_at, updated_at) values (9, 'Perkin', 'Gladebeck', 9982533320, 'Tagog', 3, '2024-12-08 06:45:43', '2024-12-17 10:59:45');
insert into users (id, first_name, last_name, mobile_no, address, user_type, created_at, updated_at) values (10, 'Masha', 'Foxton', 9977417216, 'Visby', 1, '2025-01-20 17:30:24', '2024-07-18 03:32:26');
insert into users (id, first_name, last_name, mobile_no, address, user_type, created_at, updated_at) values (11, 'Erny', 'Brislawn', 9958517054, 'Kuala Lumpur', 3, '2025-01-19 11:43:18', '2024-08-24 15:48:35');
insert into users (id, first_name, last_name, mobile_no, address, user_type, created_at, updated_at) values (12, 'Hi', 'Moverley', 9980669028, 'Chabany', 1, '2024-06-07 06:01:02', '2024-12-09 15:19:44');
insert into users (id, first_name, last_name, mobile_no, address, user_type, created_at, updated_at) values (13, 'Josie', 'Renvoise', 9914143348, 'Drybin', 1, '2024-07-14 10:20:08', '2024-06-20 14:43:41');
insert into users (id, first_name, last_name, mobile_no, address, user_type, created_at, updated_at) values (14, 'Lela', 'McKleod', 9922304844, 'Vancouver', 2, '2024-05-19 23:32:21', '2024-07-31 00:54:28');
insert into users (id, first_name, last_name, mobile_no, address, user_type, created_at, updated_at) values (15, 'Faith', 'Diffley', 9911967546, 'São Pedro', 1, '2025-02-26 06:48:23', '2024-10-04 02:54:03');
insert into users (id, first_name, last_name, mobile_no, address, user_type, created_at, updated_at) values (16, 'Horten', 'Darville', 9934749158, 'Mełgiew', 2, '2024-05-28 03:00:27', '2024-06-01 15:30:30');
insert into users (id, first_name, last_name, mobile_no, address, user_type, created_at, updated_at) values (17, 'Georgetta', 'De Bruijne', 9951446685, 'Prosperous', 2, '2025-02-17 15:44:32', '2024-08-10 06:15:08');
insert into users (id, first_name, last_name, mobile_no, address, user_type, created_at, updated_at) values (18, 'Linoel', 'Kemwall', 9912612561, 'Fonadhoo', 2, '2024-10-24 10:38:25', '2024-07-11 07:29:36');
insert into users (id, first_name, last_name, mobile_no, address, user_type, created_at, updated_at) values (19, 'Foster', 'Paolozzi', 9964261485, 'Chalu', 3, '2024-05-17 22:27:54', '2024-06-16 00:43:08');
insert into users (id, first_name, last_name, mobile_no, address, user_type, created_at, updated_at) values (20, 'Genni', 'Stoakley', 9983300909, 'Sendangrejo', 2, '2024-03-22 10:29:49', '2025-01-30 06:00:10');
insert into users (id, first_name, last_name, mobile_no, address, user_type, created_at, updated_at) values (21, 'Daphene', 'Eastam', 9915039638, 'Ladário', 3, '2025-02-13 02:59:23', '2024-10-10 20:49:58');
insert into users (id, first_name, last_name, mobile_no, address, user_type, created_at, updated_at) values (22, 'Mora', 'Kern', 9921457071, 'Pérez', 3, '2024-12-01 02:41:42', '2024-05-31 08:40:24');
insert into users (id, first_name, last_name, mobile_no, address, user_type, created_at, updated_at) values (23, 'Madelle', 'Geddis', 9998736705, 'Río Grande', 3, '2024-11-28 01:28:23', '2024-11-04 09:21:59');
insert into users (id, first_name, last_name, mobile_no, address, user_type, created_at, updated_at) values (24, 'Katinka', 'Whymark', 9930464588, 'Algeciras', 3, '2024-07-21 16:15:32', '2024-10-09 22:21:01');
insert into users (id, first_name, last_name, mobile_no, address, user_type, created_at, updated_at) values (25, 'Mickie', 'Grzes', 9916080168, 'Oum Hadjer', 3, '2024-05-30 20:40:26', '2024-05-09 23:37:40');
insert into users (id, first_name, last_name, mobile_no, address, user_type, created_at, updated_at) values (26, 'Joel', 'Goss', 9954280829, 'Parobé', 3, '2024-05-02 09:42:40', '2025-03-18 15:45:17');
insert into users (id, first_name, last_name, mobile_no, address, user_type, created_at, updated_at) values (27, 'Barbey', 'Chambers', 9956290347, 'Tianzhuang', 2, '2024-06-15 11:35:31', '2024-03-29 10:21:00');
insert into users (id, first_name, last_name, mobile_no, address, user_type, created_at, updated_at) values (28, 'Sosanna', 'Wetton', 9959252239, 'Sanhe', 1, '2024-10-01 06:13:51', '2024-08-14 06:21:45');
insert into users (id, first_name, last_name, mobile_no, address, user_type, created_at, updated_at) values (29, 'Rosalynd', 'Matiewe', 9980054537, 'Ejmiatsin', 1, '2024-12-23 03:45:24', '2025-02-28 07:23:37');
insert into users (id, first_name, last_name, mobile_no, address, user_type, created_at, updated_at) values (30, 'Gregorio', 'Korting', 9919492165, 'Oemollo', 2, '2024-06-15 00:00:12', '2024-05-03 12:33:35');
insert into users (id, first_name, last_name, mobile_no, address, user_type, created_at, updated_at) values (31, 'Wright', 'Cowlard', 9967471559, 'Huafeng', 3, '2024-04-19 17:57:03', '2024-04-13 21:28:30');
insert into users (id, first_name, last_name, mobile_no, address, user_type, created_at, updated_at) values (32, 'Katleen', 'Joerning', 9992459419, 'Bulod', 1, '2024-04-12 06:17:33', '2024-11-12 03:06:02');
insert into users (id, first_name, last_name, mobile_no, address, user_type, created_at, updated_at) values (33, 'Tracie', 'Whysall', 9941936042, 'Bandar-e Lengeh', 1, '2024-10-10 14:29:58', '2024-05-12 00:53:45');
insert into users (id, first_name, last_name, mobile_no, address, user_type, created_at, updated_at) values (34, 'Blake', 'Charlot', 9984618156, 'Plužine', 2, '2024-05-13 00:29:51', '2024-03-20 08:36:30');
insert into users (id, first_name, last_name, mobile_no, address, user_type, created_at, updated_at) values (35, 'Marji', 'Berendsen', 9997677556, 'Yichun', 3, '2024-11-19 03:09:06', '2024-04-26 20:07:51');
insert into users (id, first_name, last_name, mobile_no, address, user_type, created_at, updated_at) values (36, 'Francine', 'Willmore', 9946723594, 'Nizhnyaya Salda', 1, '2024-12-21 01:58:33', '2024-05-10 04:52:35');
insert into users (id, first_name, last_name, mobile_no, address, user_type, created_at, updated_at) values (37, 'Shawn', 'Condie', 9968633487, 'Öjebyn', 1, '2024-07-18 13:42:50', '2025-01-29 02:22:31');
insert into users (id, first_name, last_name, mobile_no, address, user_type, created_at, updated_at) values (38, 'Abelard', 'Lippiello', 9959764942, 'Xinjiebu', 1, '2024-12-11 06:02:05', '2024-11-04 20:19:24');
insert into users (id, first_name, last_name, mobile_no, address, user_type, created_at, updated_at) values (39, 'Marlie', 'Wackley', 9932777190, 'Gião', 2, '2024-11-04 08:25:56', '2024-10-22 22:53:41');
insert into users (id, first_name, last_name, mobile_no, address, user_type, created_at, updated_at) values (40, 'Seka', 'Giacomucci', 9932184882, 'Tierp', 2, '2024-06-14 11:36:59', '2024-08-21 15:39:51');
insert into users (id, first_name, last_name, mobile_no, address, user_type, created_at, updated_at) values (41, 'Kordula', 'Lawlie', 9967580642, 'Ojiya', 2, '2024-03-27 08:08:47', '2024-03-21 09:59:55');
insert into users (id, first_name, last_name, mobile_no, address, user_type, created_at, updated_at) values (42, 'Sherrie', 'Rojas', 9924002689, 'Ash Shuyūkh', 1, '2025-01-29 12:42:56', '2024-08-29 19:10:09');
insert into users (id, first_name, last_name, mobile_no, address, user_type, created_at, updated_at) values (43, 'Karlene', 'Bartocci', 9980779098, 'Wufeng', 3, '2024-12-04 00:38:55', '2024-10-22 16:32:02');
insert into users (id, first_name, last_name, mobile_no, address, user_type, created_at, updated_at) values (44, 'Lani', 'Kitteridge', 9967047967, 'Jincheng', 2, '2025-03-15 08:46:42', '2024-05-05 19:07:51');
insert into users (id, first_name, last_name, mobile_no, address, user_type, created_at, updated_at) values (45, 'Burlie', 'Streather', 9946012123, 'Rujewa', 1, '2024-04-10 03:38:51', '2024-11-06 05:34:55');
insert into users (id, first_name, last_name, mobile_no, address, user_type, created_at, updated_at) values (46, 'Gaby', 'Bines', 9940816282, 'Sydney', 1, '2025-02-05 22:26:12', '2024-11-02 07:52:15');
insert into users (id, first_name, last_name, mobile_no, address, user_type, created_at, updated_at) values (47, 'Horst', 'Trembath', 9975280344, 'Dalazi', 1, '2024-08-20 22:35:43', '2024-10-28 11:01:30');
insert into users (id, first_name, last_name, mobile_no, address, user_type, created_at, updated_at) values (48, 'Carena', 'Scales', 9987481224, 'Baykonyr', 1, '2024-09-21 09:47:39', '2024-07-30 06:01:29');
insert into users (id, first_name, last_name, mobile_no, address, user_type, created_at, updated_at) values (49, 'Rosalie', 'Stolte', 9940915864, 'Banjeru', 1, '2024-07-20 03:06:37', '2024-12-24 15:49:26');
insert into users (id, first_name, last_name, mobile_no, address, user_type, created_at, updated_at) values (50, 'Kathye', 'Lowthorpe', 9943347894, 'Topola', 1, '2024-04-21 10:03:23', '2024-12-11 08:37:39');
insert into users (id, first_name, last_name, mobile_no, address, user_type, created_at, updated_at) values (51, 'Verile', 'Setter', 9959013363, 'Chambishi', 1, '2024-07-28 22:41:50', '2024-03-25 15:20:14');
insert into users (id, first_name, last_name, mobile_no, address, user_type, created_at, updated_at) values (52, 'Blisse', 'Mulford', 9957277144, 'Uusikaupunki', 1, '2025-02-11 05:24:36', '2024-05-03 09:21:36');
insert into users (id, first_name, last_name, mobile_no, address, user_type, created_at, updated_at) values (53, 'Belvia', 'Mathey', 9972330592, 'Batulawang', 3, '2024-06-14 00:47:39', '2024-08-18 08:54:43');
insert into users (id, first_name, last_name, mobile_no, address, user_type, created_at, updated_at) values (54, 'Paulie', 'Hanaby', 9984067443, 'Ketapang', 3, '2024-12-13 04:08:55', '2024-06-02 01:35:13');
insert into users (id, first_name, last_name, mobile_no, address, user_type, created_at, updated_at) values (55, 'Zea', 'Crinson', 9992079685, 'Karlovy Vary', 3, '2025-03-12 00:06:21', '2024-12-21 20:59:50');
insert into users (id, first_name, last_name, mobile_no, address, user_type, created_at, updated_at) values (56, 'Sallyann', 'Pohlak', 9934608097, 'Tatariv', 3, '2025-02-25 13:32:32', '2024-12-10 15:07:34');
insert into users (id, first_name, last_name, mobile_no, address, user_type, created_at, updated_at) values (57, 'Esther', 'Nitti', 9967182347, 'Salinas', 1, '2024-06-03 00:46:22', '2024-12-08 10:07:13');
insert into users (id, first_name, last_name, mobile_no, address, user_type, created_at, updated_at) values (58, 'Englebert', 'Karlmann', 9962035163, 'Brody', 2, '2024-12-23 13:17:28', '2024-08-10 09:58:52');
insert into users (id, first_name, last_name, mobile_no, address, user_type, created_at, updated_at) values (59, 'Coretta', 'Wallbanks', 9914205145, 'Dërmënas', 2, '2024-03-30 07:36:04', '2024-08-01 12:04:16');
insert into users (id, first_name, last_name, mobile_no, address, user_type, created_at, updated_at) values (60, 'Ferdinanda', 'McKeaveney', 9930801515, 'Chipyela', 3, '2025-02-06 01:38:14', '2024-05-13 13:41:31');
insert into users (id, first_name, last_name, mobile_no, address, user_type, created_at, updated_at) values (61, 'Tobye', 'Maud', 9940623084, 'Tuusula', 1, '2024-11-25 16:23:20', '2024-07-04 13:33:37');
insert into users (id, first_name, last_name, mobile_no, address, user_type, created_at, updated_at) values (62, 'Cornie', 'Hackleton', 9990901888, 'Eindhoven', 3, '2024-05-29 17:04:01', '2025-03-07 19:01:06');
insert into users (id, first_name, last_name, mobile_no, address, user_type, created_at, updated_at) values (63, 'Tamar', 'Joincey', 9999005263, 'Chartres', 1, '2024-07-14 03:26:06', '2024-08-02 16:26:12');
insert into users (id, first_name, last_name, mobile_no, address, user_type, created_at, updated_at) values (64, 'Christos', 'McCartney', 9967210579, 'Pomerode', 2, '2025-02-04 03:03:19', '2024-05-22 03:02:41');
insert into users (id, first_name, last_name, mobile_no, address, user_type, created_at, updated_at) values (65, 'Hunfredo', 'Tofano', 9961644496, 'Stockholm', 2, '2024-06-19 15:27:45', '2024-08-26 15:42:16');
insert into users (id, first_name, last_name, mobile_no, address, user_type, created_at, updated_at) values (66, 'Brod', 'Wittleton', 9958534616, 'Thanh Khê', 1, '2024-06-17 19:16:17', '2024-10-30 22:35:39');
insert into users (id, first_name, last_name, mobile_no, address, user_type, created_at, updated_at) values (67, 'Marja', 'Tarling', 9952448084, 'Ciawi', 3, '2024-04-03 03:14:42', '2024-08-09 03:03:50');
insert into users (id, first_name, last_name, mobile_no, address, user_type, created_at, updated_at) values (68, 'Loren', 'Cockroft', 9965438745, 'Kentville', 1, '2024-12-12 03:36:14', '2024-06-13 02:18:04');
insert into users (id, first_name, last_name, mobile_no, address, user_type, created_at, updated_at) values (69, 'Jack', 'Maving', 9975415451, 'Guararé', 1, '2024-08-21 10:32:13', '2024-12-18 10:56:39');
insert into users (id, first_name, last_name, mobile_no, address, user_type, created_at, updated_at) values (70, 'Milli', 'Steanson', 9942631836, 'Lujiao', 2, '2024-04-15 02:50:02', '2024-10-31 23:39:36');
insert into users (id, first_name, last_name, mobile_no, address, user_type, created_at, updated_at) values (71, 'Agnella', 'Skellon', 9962873101, 'Cimanglid', 1, '2024-08-04 21:41:17', '2024-07-21 06:19:03');
insert into users (id, first_name, last_name, mobile_no, address, user_type, created_at, updated_at) values (72, 'Sheela', 'Templeman', 9915197313, 'Roma', 2, '2025-02-15 10:53:43', '2024-12-01 10:42:12');
insert into users (id, first_name, last_name, mobile_no, address, user_type, created_at, updated_at) values (73, 'Leandra', 'Cambling', 9918316332, 'Kademangan', 2, '2024-11-01 10:50:36', '2025-02-13 22:11:42');
insert into users (id, first_name, last_name, mobile_no, address, user_type, created_at, updated_at) values (74, 'Demott', 'Rosenqvist', 9984549902, 'Tomar', 1, '2025-01-19 13:37:19', '2024-09-11 06:28:08');
insert into users (id, first_name, last_name, mobile_no, address, user_type, created_at, updated_at) values (75, 'Garnet', 'Potapczuk', 9985897326, 'Salawu', 1, '2024-09-12 05:28:28', '2025-02-10 14:29:54');
insert into users (id, first_name, last_name, mobile_no, address, user_type, created_at, updated_at) values (76, 'Deanne', 'Folk', 9947726246, 'Tamberías', 3, '2024-07-22 17:26:59', '2024-12-22 13:21:05');
insert into users (id, first_name, last_name, mobile_no, address, user_type, created_at, updated_at) values (77, 'Curran', 'Lahy', 9918241307, 'Cañaveral', 1, '2024-11-20 12:15:36', '2024-10-11 00:05:28');
insert into users (id, first_name, last_name, mobile_no, address, user_type, created_at, updated_at) values (78, 'Coriss', 'Ducket', 9970431114, 'Strenči', 2, '2024-06-09 11:23:45', '2024-07-30 02:55:13');
insert into users (id, first_name, last_name, mobile_no, address, user_type, created_at, updated_at) values (79, 'Brenn', 'Joyce', 9960786840, 'Darma', 1, '2024-03-30 11:19:11', '2024-07-18 08:00:46');
insert into users (id, first_name, last_name, mobile_no, address, user_type, created_at, updated_at) values (80, 'Charmane', 'Malamore', 9914527363, 'Çlirim', 1, '2024-05-13 07:33:11', '2024-10-15 12:55:41');
insert into users (id, first_name, last_name, mobile_no, address, user_type, created_at, updated_at) values (81, 'Robinett', 'Crittal', 9989311231, 'Maguwon', 3, '2025-02-07 18:18:18', '2024-09-12 08:41:22');
insert into users (id, first_name, last_name, mobile_no, address, user_type, created_at, updated_at) values (82, 'Wallache', 'Kunes', 9977020165, 'Danyang', 1, '2025-01-28 18:30:51', '2024-07-12 22:06:59');
insert into users (id, first_name, last_name, mobile_no, address, user_type, created_at, updated_at) values (83, 'Didi', 'McGaugie', 9913467599, 'Taksimo', 3, '2025-02-23 04:10:12', '2024-10-26 17:52:46');
insert into users (id, first_name, last_name, mobile_no, address, user_type, created_at, updated_at) values (84, 'Shep', 'McElree', 9937777821, 'Ban Selaphum', 1, '2024-07-26 04:01:38', '2024-12-31 07:37:07');
insert into users (id, first_name, last_name, mobile_no, address, user_type, created_at, updated_at) values (85, 'Hesther', 'Deguara', 9931497079, 'Miasteczko Śląskie', 1, '2024-12-23 09:46:42', '2025-03-07 01:18:58');
insert into users (id, first_name, last_name, mobile_no, address, user_type, created_at, updated_at) values (86, 'Cash', 'O''Hartnedy', 9937478744, 'Juan N Alvarez', 2, '2024-11-12 03:14:43', '2024-06-20 13:23:51');
insert into users (id, first_name, last_name, mobile_no, address, user_type, created_at, updated_at) values (87, 'Neddy', 'Steel', 9924502495, 'Bangker', 3, '2025-03-19 21:50:56', '2024-12-07 17:26:04');
insert into users (id, first_name, last_name, mobile_no, address, user_type, created_at, updated_at) values (88, 'Dallas', 'Gallard', 9913810489, 'Krajan Karanganyar', 3, '2024-04-16 04:18:19', '2024-10-09 21:56:45');
insert into users (id, first_name, last_name, mobile_no, address, user_type, created_at, updated_at) values (89, 'Paton', 'Ricson', 9923560511, 'Nanxia', 3, '2024-12-25 08:38:17', '2025-03-14 12:48:31');
insert into users (id, first_name, last_name, mobile_no, address, user_type, created_at, updated_at) values (90, 'Kimberley', 'Lillgard', 9951004213, 'Sendangagung', 3, '2024-06-07 13:43:48', '2024-08-03 15:42:20');
insert into users (id, first_name, last_name, mobile_no, address, user_type, created_at, updated_at) values (91, 'Dur', 'Abramchik', 9936849872, 'Táriba', 1, '2024-07-31 13:46:28', '2024-08-16 17:44:46');
insert into users (id, first_name, last_name, mobile_no, address, user_type, created_at, updated_at) values (92, 'Gloriane', 'Foulstone', 9982899860, 'Yantan', 2, '2024-09-06 08:25:31', '2024-04-20 06:31:30');
insert into users (id, first_name, last_name, mobile_no, address, user_type, created_at, updated_at) values (93, 'Dmitri', 'Sibbons', 9953942921, 'Chaves', 1, '2024-07-22 22:40:46', '2024-11-06 16:10:55');




DROP TABLE IF EXISTS `stepupdb`.`shop`;
CREATE TABLE IF NOT EXISTS `stepupdb`.`shop` (
  `id` INT NOT NULL,
  `owner_id` INT NOT NULL,
  `name` VARCHAR(100) NULL,
  `address` VARCHAR(100) NULL,
  `contact_no` BIGINT(10) NULL,
  `licence_no` VARCHAR(100) NULL,
  `created_at` DATETIME NULL DEFAULT NOW(),
  `updated_at` DATETIME NULL ON UPDATE NOW(),
   CONSTRAINT pk_shop_id PRIMARY KEY (`id`),
   CONSTRAINT fk_owner_id FOREIGN KEY (`owner_id`) REFERENCES `stepupdb`.`users`(`id`)
 );

insert into `stepupdb`.`shop` (id, owner_id, name, address, contact_no, licence_no, created_at, updated_at) values (1, 74, 'Aibox', 'Ambositra', 9993002935, 'a9ad215d-0e9a-4a8b-bfd5-b85918011296', '2024-07-04 06:27:03', '2024-10-24 06:12:50');
insert into `stepupdb`.`shop` (id, owner_id, name, address, contact_no, licence_no, created_at, updated_at) values (2, 79, 'Oloo', 'Uvarovo', 9998686603, '48f40f6f-b4a9-4df4-b3d7-793fa412536c', '2024-08-06 07:32:24', '2024-08-14 04:47:57');
insert into `stepupdb`.`shop` (id, owner_id, name, address, contact_no, licence_no, created_at, updated_at) values (3, 41, 'Meembee', 'Chahannao', 9963587102, '5200c461-3170-4534-960c-5ee546587cb6', '2025-01-24 02:18:36', '2024-10-16 05:01:34');
insert into `stepupdb`.`shop` (id, owner_id, name, address, contact_no, licence_no, created_at, updated_at) values (4, 80, 'Rhycero', 'Uzda', 9918165261, 'c50fb2e2-1424-4b52-9ebe-08e0a41ad6fd', '2024-03-21 00:51:06', '2024-05-23 18:15:55');
insert into `stepupdb`.`shop` (id, owner_id, name, address, contact_no, licence_no, created_at, updated_at) values (5, 92, 'Agivu', 'Svilajnac', 9959152670, '68f8aef4-3e01-409f-af63-6f1e054cca75', '2024-08-06 06:11:58', '2024-08-27 11:44:05');
insert into `stepupdb`.`shop` (id, owner_id, name, address, contact_no, licence_no, created_at, updated_at) values (6, 85, 'Tambee', 'Tumpang Satu', 9943746926, '338d8bde-caa6-42aa-a9e0-78319963c6bd', '2024-11-06 05:30:32', '2025-03-12 04:07:29');
insert into `stepupdb`.`shop` (id, owner_id, name, address, contact_no, licence_no, created_at, updated_at) values (7, 6, 'Vinder', 'Tibro', 9923542731, '8bf81e46-aa9d-475b-9573-986a98e88e16', '2024-04-17 21:50:15', '2025-01-19 14:12:46');
insert into `stepupdb`.`shop` (id, owner_id, name, address, contact_no, licence_no, created_at, updated_at) values (8, 19, 'Dablist', 'Jastrzębia Góra', 9958505496, '21e9fe47-2111-4f10-81d0-2cd90769bae3', '2025-01-12 11:31:05', '2024-06-16 16:30:45');
insert into `stepupdb`.`shop` (id, owner_id, name, address, contact_no, licence_no, created_at, updated_at) values (9, 21, 'Browsezoom', 'Talibura', 9909815588, 'f5dbaa60-c02b-4e2e-98f6-d9ea50f60e01', '2024-10-17 16:32:40', '2024-09-07 13:54:45');
insert into `stepupdb`.`shop` (id, owner_id, name, address, contact_no, licence_no, created_at, updated_at) values (10, 92, 'Voolia', 'Yinjiaxi', 9952232091, 'b09b975e-5e7f-41d3-aa87-258726f22eb2', '2024-06-07 01:40:01', '2024-12-06 04:25:46');
insert into `stepupdb`.`shop` (id, owner_id, name, address, contact_no, licence_no, created_at, updated_at) values (11, 35, 'LiveZ', 'Hantara', 9997342484, '16ab3dfc-346a-48ac-aff9-9cbf75823d22', '2025-02-20 04:39:09', '2024-05-05 17:16:07');
insert into `stepupdb`.`shop` (id, owner_id, name, address, contact_no, licence_no, created_at, updated_at) values (12, 10, 'Edgewire', 'Alurbulu', 9976667647, '57adb351-4d46-4629-951a-bdefc3109691', '2024-04-13 10:15:46', '2024-11-19 15:28:05');
insert into `stepupdb`.`shop` (id, owner_id, name, address, contact_no, licence_no, created_at, updated_at) values (13, 35, 'Podcat', 'Sidaohezi', 9912709129, 'a97a189b-975c-4ff2-95ad-6ff5439ad503', '2025-01-01 21:26:39', '2024-08-28 19:06:35');
insert into `stepupdb`.`shop` (id, owner_id, name, address, contact_no, licence_no, created_at, updated_at) values (14, 37, 'Thoughtstorm', 'Andarapa', 9912762046, '9161c3d1-bc18-4811-99b9-5f5fc0822b6d', '2024-09-22 06:10:40', '2024-04-21 00:49:23');
insert into `stepupdb`.`shop` (id, owner_id, name, address, contact_no, licence_no, created_at, updated_at) values (15, 71, 'Tagpad', 'Pasaco', 9933416602, '53a3d514-3bb1-40d4-b4bb-de4bf30ebde2', '2024-06-27 01:34:36', '2024-09-06 06:02:04');
insert into `stepupdb`.`shop` (id, owner_id, name, address, contact_no, licence_no, created_at, updated_at) values (16, 81, 'Dabtype', 'Ruyigi', 9969755441, 'e6a96f3f-eca1-49e4-9505-3215d22b2c1d', '2024-05-11 22:30:35', '2024-10-07 01:38:55');
insert into `stepupdb`.`shop` (id, owner_id, name, address, contact_no, licence_no, created_at, updated_at) values (17, 82, 'Dabjam', 'Chodzież', 9920965577, '47b1c19a-8d2f-48e0-8763-09a8f2f776c2', '2024-10-23 13:52:58', '2025-01-26 04:54:39');
insert into `stepupdb`.`shop` (id, owner_id, name, address, contact_no, licence_no, created_at, updated_at) values (18, 1, 'Roombo', 'Buturlinovka', 9920808928, 'b8375153-ef72-48b5-90a2-c35584f9b0cc', '2025-03-10 03:49:54', '2024-12-09 00:44:37');
insert into `stepupdb`.`shop` (id, owner_id, name, address, contact_no, licence_no, created_at, updated_at) values (19, 9, 'Feedspan', 'Leskolovo', 9974322493, '51426ac5-ef62-446b-a45e-776b3137794a', '2024-10-27 20:25:07', '2025-01-31 10:52:15');
insert into `stepupdb`.`shop` (id, owner_id, name, address, contact_no, licence_no, created_at, updated_at) values (20, 84, 'Realblab', 'Somié', 9908349813, '814090a0-76a8-497f-a17e-79984ee937fe', '2024-07-31 13:48:53', '2024-08-26 06:03:12');

---------------------------------------------
DROP TABLE IF EXISTS `stepupdb`.`product`;
CREATE TABLE IF NOT EXISTS `stepupdb`.`product` (
  `id` INT NOT NULL,
  `shop_id` INT NOT NULL,
  `product_name` VARCHAR(100) NULL,
  `product_desc` VARCHAR(100) NULL,
  `product_image` TEXT NULL,
  `price` DOUBLE NULL DEFAULT 0,
  `created_at` DATETIME NULL DEFAULT NOW(),
  `updated_at` DATETIME NULL ON UPDATE NOW(),
   CONSTRAINT pk_product_id PRIMARY KEY (`id`),
   CONSTRAINT fk_shop_id FOREIGN KEY (`shop_id`) REFERENCES `stepupdb`.`shop`(`id`)
 );

SELECT * FROM `stepupdb`.`product`;

 insert into `stepupdb`.`product` (id, shop_id, product_name, product_desc, product_image, price, created_at, updated_at) values (1, 20, 'Samsung', 'Samsung S7330', 'data:image/png;base64,iVBORw0KGgoAAAANSUhEUgAAABAAAAAQCAYAAAAf8/9hAAAABGdBTUEAAK/INwWK6QAAABl0RVh0U29mdHdhcmUAQWRvYmUgSW1hZ2VSZWFkeXHJZTwAAAKLSURBVDjLY/j//z8DJRhMmJQd+x89/W4IRQbY1x5L8590dzmy5PuIqC4gfvA+PPIyEMfhNqD06H+L9gfG9p33/jr23OMEiX30DTj8yT/oFxCf+hAYfBeIfwPxIyBWwjSg5Mh/tYZHzDr1D34aND7Y9tXOsf2Lg/O/z85uNjCFn908lT56eH985xXwzXvygwYUA4yLD/9Xcm+QlS572JWesP7XVyOL79/MLKci22Rc/6DXvPH+X8um+79t2u7/tOu4/w9ugFHxof8wha+1LP89NHT9iaxZIf/BCpWie7/Vi+/N/25kqvrN2Oz/suiO6QgDig6ADfgtJrX0p6TMb1u/Xd+5Eh9M4k16yCyQdH+HYOK9H6JJd+tgBv7U0j3wXVvvA9wAg8J9/6sNAvT/8gr++8Mn1MYQ8aCFIfzBf6bwB3+Zwx/8Ywu7H44e+j8VVX4hDMjf+/8/I6v/fya2OyghHHCn3GuRw3TvJTZn4mZ7P82dEv4trc//f2SLw6cp/mrX4Abo5+3+/5OBJeQ3A4s4TLPXTEsvj5mWLzxmmT+ImuJ+rXF14v8tV6b+v/Bs1//+3Vn/w/t1/5tnS/aAFevl7vw/R1TDAabZscNommOn0UeHLsNFDj2GPLHtLt83Xp7wf+O1SaCw+t+zJ/V//550kAHfwRp0s7f/tyzRkbQo1Z5pXqr7CEi/tSjTyYAZ6FNt+H/blTn/kcGmS1NBBkAU6GZt+2+UoelvmKHuph5g6QqkwalRWMNDFkRb5kh/796V9L99VwJYc/vOBFQXaGdu+a+dsfm/VsYmIN74XyttAxCv/68Jwqnr/htkJP4P7tH437srBWwziAbx4WFADAYq7gDiTyBnQ+kOkDgAwll4PHHRgLAAAAAASUVORK5CYII=', 238432.68, '2024-09-15 00:34:45', '2024-11-18 11:35:25');
insert into `stepupdb`.`product` (id, shop_id, product_name, product_desc, product_image, price, created_at, updated_at) values (2, 15, 'Nokia', 'Nokia Lumia 900', 'data:image/png;base64,iVBORw0KGgoAAAANSUhEUgAAABAAAAAQCAYAAAAf8/9hAAAABGdBTUEAAK/INwWK6QAAABl0RVh0U29mdHdhcmUAQWRvYmUgSW1hZ2VSZWFkeXHJZTwAAAGnSURBVDjLxVM9T8JQFD2lBRQRFPAjEhIwXRgwEUjERRMnZPYXuPoHSJz8BQ7+BCcHJzZHiST4MWC0fsQBJUKCEQnGWihtfa/QBgK6MHiT2/tu3+1559x3y2iahlHMghFtZACuUqmkSdyiiaqqoJJo7HVFUQZi1w+Zcrnc9vl8LAXo7YexHhaNdaFQUDiSsFarFftXClriJz4eTqHJX7DMhDEbiiDlfALP80if1CFKLYjfxCUZR9s8ZcByvadG7w/QLl/guVRC8U2Etnutv5dlGXvr44S+3ZRFjcrgjEQvnFvG2pIfGzYOZ5c3KLCsWZjNZvual0wmOwD0oX/cVnFeXQDHfcDpcuGqtYJaTQKcHYBEImGebrDuY1AvPWImtIhjLoraSwtjHhvmv17Nwnw+/zcD/0QDt+9TUD1TmJ6zQWpImFTfyM64XhiLxdAr17h2E2Bnc9XcEEURzWaTFARM2na7HW63+3eAEul8tVqF1+tFMBiEw+EYmDpBEFAsFhEIBBCJRHQAhgyDQEDCFCgejzO5XE4bNn2Gp1IpJpPJaF05d8y//40/Nlww9OOVWvkAAAAASUVORK5CYII=', 44185.55, '2025-01-10 16:26:55', '2024-07-13 00:56:27');
insert into `stepupdb`.`product` (id, shop_id, product_name, product_desc, product_image, price, created_at, updated_at) values (3, 3, 'O2', 'O2 XDA Stellar', 'data:image/png;base64,iVBORw0KGgoAAAANSUhEUgAAABAAAAAQCAYAAAAf8/9hAAAABGdBTUEAAK/INwWK6QAAABl0RVh0U29mdHdhcmUAQWRvYmUgSW1hZ2VSZWFkeXHJZTwAAAJZSURBVDjLpVJda5JhGPYH9Ac66bSdFHTydtDhIAiCiA6CEbGiL1bUTgaO9pHk1+y11ymyNT/wYypMxzanqa8Km9PJxg5EJcWBJq7OzUHIRlfP/VQyKWLRCzcP78113dd1X8+jAKD4n/pngtfrhdPpxMLCAqxW6x1FLpcD1dbWFjY2NpBOpyHLMmKxGNbX17GysoJgMIhAIACPx8OxR0dHODg4gMlkKiuy2SyOj4/R7Xb/Wp1OBw6H41O73Ua1WoUkSQ2DwTCiyGQyvNFqtZDP59FsNkG9RqOBZDKJ/f19RCIRjgmFQiiXy9zRzMzMYC+DVCqF7e1tRKNRYXNzE8vLywKRFxcXBVrDZrMJRDabzYLP5+P7q9Xqgd6AeDyOYrHIM6jX6zwDUiZypVLpKbOBKBQKpI6pqakzfbewurqKw8NDJBIJsKSFcDhMSgLZZWEJRNbpdILdbicyfrtGBpzY3d1FrVYDkUl5aWkJpVKJBnJltgr29vagVCq//fEduN1uShrz8/OwWCyUNFjS0Gg0UBqe44VlCI/e3sDQ60FcU16cOPVDeiLdfKUK3kOkbEXhswwpOYLb0gVcfnpW5ACXy3We2Xs3NzdHScNoNEKv11PSmJ6exl3dVayVTFj7YKbdIaYeQko9pgFf+QAWFrczOzs7KoriR0YePeng+stLeF+24+QXLlppwA8Ae9MTLGl+XTs7O/D7/Tzp8fFxjI2N4cqzc3gj34dOHuZkXWK438Gv0mq1UKlUmJyc7HPAgOpb4gCM8gOuTCf99zI4TTGwntUXsv3z1FP/O6UL4ZoSeea0AAAAAElFTkSuQmCC', 105210.54, '2024-11-24 01:27:18', '2025-01-20 04:48:11');
insert into `stepupdb`.`product` (id, shop_id, product_name, product_desc, product_image, price, created_at, updated_at) values (4, 7, 'LG', 'LG L70 D320N', 'data:image/png;base64,iVBORw0KGgoAAAANSUhEUgAAABAAAAAQCAYAAAAf8/9hAAAABGdBTUEAAK/INwWK6QAAABl0RVh0U29mdHdhcmUAQWRvYmUgSW1hZ2VSZWFkeXHJZTwAAAJxSURBVDjLfdHLaxNRFMfx752ZpOkjfUgiYkykC0G6a8EXuhBxmY1r/wTBpaI7l7oXXQguuvAPEKF/QA3WorSWtmCxldLGR6NpMpnpzGTuOS6iVYv1B4cDF+7ncO41qsq/UqvVvK2trWIQBKPj4+Ov2u32MEA+n2+vra1dGBsba5ZKpR1zGDAzM3OrUqncj6KIMAwpl8uICNvb2wwODpLL5VhfX7/tcEiCILg5OjrK1NQUmUyGpaUllpeXyWQyTE5OMjIyQqPRuO0dBqRpWgrDkMXFRUSEarUKwNzcHPPz8wRBwNDQ0JFDAcdxKJVK7O7uUq/XWV1dRUTodDq4rovneb3+/sWZhdzwxIQxf26jGFPdh4rFImEY0mg0cF0X13UBsNbiGXVOly89zRhjQHuXMYaF589ZWVmhXC6jqogI1lqy2SyqSrPZpNVqffdINUKSvvjzI2zigjOMMXmuXL7I24VVarWXVConKRQK9Pf34/s+X7/Ute2Hz0TkjkfXOCoJNsmiosjeJns7G0RvpjlWr3MMYBtioPCzxsGcuvH6OoCH0ZykewSfvhJ/+YAkIW7fCCeqTzAYpBuDARXBGIM7cJy1h+f2X8uj6+D1H6V4/i4goIqKT9qeRaIN0Bi1IWoDVEJylXt//ZZHV1VthITvUNtCrY9EH0EFlQhkD5UOajuoDUHlABCjKinS3UHTVg+RGDTtTZfedEl91PpgzAEgUTVYNP2Opru9sq3fWOqjtv1zhQiJNwGifUATaabht4FuJ5tH8o5qBiQPWkBtDCSo0+vGsdgoUk0k/g1E8YP1x9fOolzFkOd/UcDMJohO/zr6Acl3eEJ9hHHwAAAAAElFTkSuQmCC', 249483.92, '2024-03-22 12:19:33', '2025-01-20 22:55:00');
insert into `stepupdb`.`product` (id, shop_id, product_name, product_desc, product_image, price, created_at, updated_at) values (5, 17, 'LG', 'LG T515 Cookie Duo', 'data:image/png;base64,iVBORw0KGgoAAAANSUhEUgAAABAAAAAQCAYAAAAf8/9hAAAABGdBTUEAAK/INwWK6QAAABl0RVh0U29mdHdhcmUAQWRvYmUgSW1hZ2VSZWFkeXHJZTwAAAJrSURBVDjLpVPNS1RxFD1vPpwPefoGG+1FZllWEkZSLYIWpiiJSEgt1VUQ/RXSMmgx4LLQRS1CgmpT2DLogz5khoTRwKaiMckZmtHnPN97v4/u+80M5SJc+OBwNr9z7rn33atJKbGXL7Tbg4WFhVnG2LjneSFiECu4ruvzQ+1/CTKZTDMJ7hmGcS0SicMhEYSAek2aRMLA/PzzvwmKmf4BycU0ISh4uLGFN7YFtEAIqxyOG0YhehMeDAgpyEiCk5njOFWDYro/KIW4Gk2c7w6Gk5AeU+CuDfv3EsrBS0h/WiGRpBBCYXBoWLWhDKhqO2E8HOsAK39AINoLzovYLn1GpfEyNitn0H0KqrqsVfdbVwkKH/saSHw9YpzWgSCEvUajdVD6/gIiOQHRPAhh/UIm/Z4qc1Wdcw5z5Eo1geC8VzJxI6J3QTKbPEzQeKkSmVXykJszaCqVcKE9Bit2EV4ooVLI2gwCJJ6OtpzbZxeXUCksQ4scU3/XMAcQd3KI21nECs/gch1Mi2Fdz2GmlAKNspaA8bmt/JuXxB4hLNnrSaNjLMm2S3ArBVjyMFbN22ChVjWDmeW72NpkKoVvsGMPvj7taZKM/4w2nYxXymuQ5ji2jT78yK+ryELKGgOH2k08uD+7cxOFxx83xA/Ev61xnBiew8YWh71hQXB/6nUDWWVZbSFQF3951D0sPNZpF3Nji87ou1dv07AsC7quIxqL0AZqyojXUvjJ/ZUO/VM9Txg9Prmy2AU8SaVSI9ls9pZpmmePdB5Fa/KgEtRb3t+WhH8b2m7XODU1NUTCO4Se+jH57IP2YUnb6zn/Ad9Qrbi4Y2W9AAAAAElFTkSuQmCC', 64914.77, '2025-03-01 13:48:37', '2024-12-06 08:04:05');
insert into `stepupdb`.`product` (id, shop_id, product_name, product_desc, product_image, price, created_at, updated_at) values (6, 8, 'Sagem', 'Sagem my300X', 'data:image/png;base64,iVBORw0KGgoAAAANSUhEUgAAABAAAAAQCAYAAAAf8/9hAAAABGdBTUEAAK/INwWK6QAAABl0RVh0U29mdHdhcmUAQWRvYmUgSW1hZ2VSZWFkeXHJZTwAAAJtSURBVDjLpZPNS5RRFMZ/7zgzWmqTFpObMiuyKDOFCoJaCUKKUFAUBRKtWrSpoP8gwk1BixbpppURtIigqAjKkgSp0KJP86NGbaYZpxmd9773ve89LTTKj1bdxblw4Pmd53Kf44gI/3PCADJyT0z+ByIaMT4S+IjRiPGQwANfERiFGBd8RezQDWc+IDBEth9dRBcBB+YKIDB169hiB142wTIRxLqzXQdELOAg/CE4oWLEd5d4gjFYPYnJ94H1ENGzt9VgFWIVYl2iqw9i/cISgMADDGIViD8n+lusEFvATfaTLq4ie+eizPx4gqMS7WEAM52etTxvsou1ag7ionPDeD+XU1V3glhNA9nhWt4/6OwIA9hAoT71YLzPEGgQQ6BylFTHEVtA58agpIHK+C4yQ++IOpryFVWUrVoXCwMEbhqTS1C28zhgsXqU/KubSFDAn/kGxTuI1TTjTXQTXe4w+vo9vtJp5U7vDQE4IvjJAaYenScofILAx4qPl/+KhLcS29iCGr+OE5kiUlZOSWHou5+baNp15vbH0O//Lt/djp9NkX16GSs+mfQ42m4htqkNlbhGKOKjc+tJPn6OzhdaG88+fA0QAsAonKIQpY2nELOSsftd2JV7iG9rQU92UhQVvFw1qWf9RFJ9bD7X178gB4qp+1cQoxhLZihrbMNInInBq1TEo6jMWjJPewinX2K1mpcDZ+Ey3epoksOnu/jQfZ7xkV6K19VjkqnximhRc92FF28Wxj20sPHh86TRb+9SU7+P0tJaEv2D08rVB5YSL+ngyP5Kt3HDmvDurTVIxOt1k6mTrZcGvvxrnX8BwNty8Brb9FgAAAAASUVORK5CYII=', 27672.19, '2024-03-23 14:24:06', '2024-07-27 17:04:38');
insert into `stepupdb`.`product` (id, shop_id, product_name, product_desc, product_image, price, created_at, updated_at) values (7, 6, 'Spice', 'Spice Mi-423 Smart Flo Ivory 2', 'data:image/png;base64,iVBORw0KGgoAAAANSUhEUgAAABAAAAAQCAYAAAAf8/9hAAAABGdBTUEAAK/INwWK6QAAABl0RVh0U29mdHdhcmUAQWRvYmUgSW1hZ2VSZWFkeXHJZTwAAAJ1SURBVDjLpZPvSxNhAMf9M+pF4AuV1DU3cBvoLLexzbWJbdEGuWRnm256m9MCxQwdBFppi2QQVBLWu8owYuipCPmjYIqnnVMWsjWpF1mvoksH7ttzvrD09FUHD8/d8Xw+99z3e5cDIOd/xv5Ja2sr19LS8tPv928ct9hms8Wrq6t3TCbTmkhA4G2aph/5fD44HI4jB4FRVVU1oNPpVkUCAoPAPzweT4ZmvvDXJ7/zgbEt3hvd4hdjPfy3tR7eaDRmtFrtQkVFBUQCr9e7TOBbFEVxyulu+OY2EHwHNE4DL2Mj2El5odFo4mq1mlapVKxI4Ha7ky6Xa8bpdLL62RpIGDNcU+uoZwDPOHBz4hPKy8tXlErljFwuT4oEBE4QeJi865IzVoPONQealrWoex/EhbEozo3EQGCWwMMSiSQhEtTW1nIEDpGkF4fSbXi+2YWnmx2IpK4i8vkyBtOXIJPJ2OLi4lBBQQEnEtjt9rTVamVJFse2UFRUxOfn57O5ublpkYDAnMViCZGkFwLz22j/ALTNAfQssLT+EK+nOtEctu823KuBvfvsrqlD2nVAYDabEwaDYZgkvXS4hTuvuhF6QeEtFwH7lUF4ogmO8Bmomk/27wv0en2ysrJyhiQtauHK7fMY/Xgfo/EHQv/on/QgPNkoCH7vCwjMEpgmSa8ebsFyQ44o9xj/Hm9WIoLg73deVlYGhUIxT5L+9SQZyD5LtWeHUteygxt1WXXwFO4y9ehlXHtw77hLvIPS0tJMSUkJRSSi9A2UChf7T2OAce89WZiF6wMZSKXS9cLCwkxeXt7CUX8iWdynaDyxK2xb0bA39wn3/wBLOHSjT9MDogAAAABJRU5ErkJggg==', 104179.56, '2024-11-04 02:32:28', '2025-03-11 18:25:06');
insert into `stepupdb`.`product` (id, shop_id, product_name, product_desc, product_image, price, created_at, updated_at) values (8, 11, 'Celkon', 'Celkon C17', 'data:image/png;base64,iVBORw0KGgoAAAANSUhEUgAAABAAAAAQCAYAAAAf8/9hAAAABGdBTUEAAK/INwWK6QAAABl0RVh0U29mdHdhcmUAQWRvYmUgSW1hZ2VSZWFkeXHJZTwAAAGeSURBVDjLjZLdKwRRGIf3X1wXuNAikiKfWXaVLO1SIjYlG9LYaGKxNSXWx1rnwoUo+Zhdu2vkRsp32ePCvH5nYoaGNaeemjkz5/ee85zX5W6VS4bjuc3uhSzzz4NohnlnT1nHzAlrnz5mbZEj1jJ5yHwRxsS/ROT6jiu4lEuF12+YE5pHd1O2AFHZKXVDSWYL8EcvxKQjaga27AG+ubTxUUllMlOJq9fB1Us+sAJieR5azPJ+Oc0DC2e8N3rCmyYOOFxocOGxAiTVCBhTtMJ08pYXY1i55nChwUXeDGgM7xsBovJ/dErnHC40uNDMAGynr35kj3VJKn98eQOcPzwLCib3gqcCf3l9e8QiDS6sgK8HuBCTWnxHvRtT8joqEfqC0BeEYxJ6g9AXhL4g9AXBBaF4gxUgqUZAKJYjnNMRcPFuBsCFESAqOwUurPvEdsbhQkNfkNMBFz+b4tPFnwt0gS7Qjfeq4MYvARBWbHyFiOEJrNkD4MLxEdxtsj0ALmS4MATVDm5TdTBBlf3rVNGjUHl3nMp8y1TqjYkrFMgf+hUje+AiV2IAAAAASUVORK5CYII=', 22585.2, '2024-09-26 14:29:49', '2024-06-17 20:05:29');
insert into `stepupdb`.`product` (id, shop_id, product_name, product_desc, product_image, price, created_at, updated_at) values (9, 19, 'Lava', 'Lava A88', 'data:image/png;base64,iVBORw0KGgoAAAANSUhEUgAAABAAAAAQCAYAAAAf8/9hAAAABGdBTUEAAK/INwWK6QAAABl0RVh0U29mdHdhcmUAQWRvYmUgSW1hZ2VSZWFkeXHJZTwAAAJgSURBVDjLY/j//z8DJZgsTV+9fAu+uHo8+GzvXECWAV+c3R//mTn9/ydLu4eka3ZyY/ts63T3k4Xt+4/GlqS74JONY+9Hc5tdH4wsmAmGgWv9xQKX2nMPnapOF4D4zxotum4sjfh/e2Pr/wtz3f5fnKodx/A7O3P97/TU37+Sk9ajG+Bcc/bJnI0X/hfM3/t/YlfJ/ef7yv9/uLTl///PT/+/v7Tm/8Eun08Mv9NSf//buun/z9jYvz8iIs0Qms/YO1ae/GBfdvTNtMm5y99dqv338/Gm/88PdP//dnnd/z8Pjvw/PzfjH8PPxIT1P2Nifv8Ij7j0PSjk3jdf/5Mr4poWOZUfe2hXdsT+yXYVj3eXa/79/Xbk/7e7Of/fnsr9f31x8v/j05P+Ruf1tqI4Gehftv6UybvP+CZ9+mDr/OpVnPGjd5cr///9fvz/1zvx/78/iv7/6VrV//szHV6c7XUxQAlEoH8lHKtOHbMvP7bUtuQQ5/F8pbLnp8uhmuP+f38Y9f/jler/d6Y6fbrZY2YCT4mudRcKgP59DvTvG6B/S0GC25olg6/tKP7599uh/9/vJ///8Sj2/wegS25Pdf52o8dCASUpO1WfeTB5zcX/QP++BAnMyZRNvrqt6v/F7RP+PzkZ+v/r/ej/by9U/L81xfHljV4LJYy84FBxvMCu9PADm6L94Lhe1en8//+nB/9vzAr5v69K6v/RGZ7/DzaZPL3UYa5DVGZqTtX+/fP4lP8/T078f7LV8f+qFJnPOyv19InOjaG2gt/b4zV+7+3w/L2n1+ng5nJdJXypFQA6mcPFnqo5OgAAAABJRU5ErkJggg==', 19170.06, '2024-11-16 18:02:52', '2024-09-10 16:10:27');
insert into `stepupdb`.`product` (id, shop_id, product_name, product_desc, product_image, price, created_at, updated_at) values (10, 14, 'Microsoft', 'Microsoft Lumia 540 Dual SIM', 'data:image/png;base64,iVBORw0KGgoAAAANSUhEUgAAABAAAAAQCAYAAAAf8/9hAAAABGdBTUEAAK/INwWK6QAAABl0RVh0U29mdHdhcmUAQWRvYmUgSW1hZ2VSZWFkeXHJZTwAAAFiSURBVBgZpcEhbpRRGIXh99x7IU0asGBJWEIdCLaAqcFiCArFCkjA0KRJF0EF26kkFbVVdEj6/985zJ0wBjfp8ygJD6G3n358fP3m5NvtJscJYBObchEHx6QKJ6SKsnn6eLm7urr5/PP76cU4eXVy/ujouD074hDHd5s6By7GZknb3P7mUH+WNLZGKnx595JDvf96zTQSM92vRYA4lMEEO5RNraHWUDH3FV48f0K5mAYJk5pQQpqIgixaE1JDKtRDd2OsYfJaTKNcTA2IBIIesMAOPdDUGYJSqGYml5lGHHYkSGhAJBBIkAoWREAT3Z3JLqZhF3uS2EloQCQ8xLBxoAEWO7aZxros7EgISIIkwlZCY6s1OlAJTWFal5VppMzUgbAlQcIkiT0DXSI2U2ymYZs9AWJL4n+df3pncsI0bn5dX344W05dhctUFbapZcE2ToiLVHBMbGymS7aUhIdoPNBf7Jjw/gQ77u4AAAAASUVORK5CYII=', 218517.93, '2024-12-15 19:55:13', '2025-02-03 08:49:17');
insert into `stepupdb`.`product` (id, shop_id, product_name, product_desc, product_image, price, created_at, updated_at) values (11, 17, 'Oppo', 'Oppo R9s Plus', 'data:image/png;base64,iVBORw0KGgoAAAANSUhEUgAAABAAAAAQCAYAAAAf8/9hAAAABGdBTUEAAK/INwWK6QAAABl0RVh0U29mdHdhcmUAQWRvYmUgSW1hZ2VSZWFkeXHJZTwAAAH/SURBVDjLjZLNS5RxEMc/8zyPz25vLFkEUodfhpBFGpQhXSoivFl/Qp46RJeC7OQpSAJZglow6BDsKRCCoEMdKgwTUShfLtZidFhpsyV7xM1dfjPdZLXQndt8GT4z850RM6ORyOVyliQJ/f39Uq8HNBiqysTExD96VJ8MDw8Pmdl5EWkB9gNNIoKq4pwjiqKtAdVq9WZPTw+pVGq92HuP9x5VJQzDrQGqSiaT4czIXnZESkUFMPbENZ52f99+giiK8N4joXH7nBAFhgBD0xG/q7o9IAgCarUaEhhxCJgRABIaGI1NoKpICAOjYAIigICZ3x4QhiGqyrOOWVR13TzvPZkw0zhgJMmTSqU4/PkYra2t7HvwhMmr3UjbEteyVyxZXU5+rZTvv7z36a7Uf2I+n7euri7K5fJ6ZzNjpviBctM8p9pPc6i5jTdzzxmfHeXrl6Wh4H8eFAoFVJWFhQXMjMlvbzl5tBMfeDpbLuGlRveJswDXg80rmBnOOQCcc6gqP5MSTbKb3vYbANy6+JgjBzoA0sHmM6oqi4uLxHFMqVQinU6znJSZK44x+LoPgMFXfRRK0wB/NgBEZKVSqeCcIwgCnHPEccyF45cZnx4jJuLFTI5YIt5/fAfwaIOJ2Wx2YGpqqndtbQ0RqQeztGv+4OrOH82GxkAC5MYfFu/8BdnT67i+1n1kAAAAAElFTkSuQmCC', 48718.29, '2025-03-18 03:31:51', '2024-10-08 10:18:33');
insert into `stepupdb`.`product` (id, shop_id, product_name, product_desc, product_image, price, created_at, updated_at) values (12, 17, 'Infinix', 'Infinix Zero 5 Pro', 'data:image/png;base64,iVBORw0KGgoAAAANSUhEUgAAABAAAAAQCAYAAAAf8/9hAAAABGdBTUEAAK/INwWK6QAAABl0RVh0U29mdHdhcmUAQWRvYmUgSW1hZ2VSZWFkeXHJZTwAAAIpSURBVDjLpZP7T1JhGMfPn9RaznVZa7Zhl1WoOI1ZtNlmq5Wrma1jMTSG5li1ahWSFJKmjuhEYzVJCDGQUNJI7WYX7ALnhFwiKFvn2zkHKw6d33y27y/v830+++5535cAQCxHhN7+AR23I9Ba30EzMIeTva9BWl4+ljJbRhLqHk9i/trDOLpdDLoeMCAyuZ8oVtP1WVYKYPYsfCv2Eqd9bdB61dB4SJxwNQuHjcZnkAKY3F+Efu/0VZjDV9A9eVFoiIo37L88JQkwDjNCv7CIPm8MheINey+ERIC6/kpFtXkbdhjKUdtVIfITVn9URGRSOajOBv8ClH1yRZVpK9s63IL2kVbIz20RBvkaGI3mAVQgBmosCsd4FG8+p7Gzc0wA1Fi2KyqMm1nyfhNqjHKsP1WKct1GDPpisPLy0/8nePUxhWqdD1xkJReZbXY0oqxjLbtOU7JJf2ceqewibAFa8FKBJYCQgktg49Rg3QMuMupv1uGw/QA26Faza9SrZHyidtt7JDOLsAdp3B3Pixh6QiOd/bdZVY8SGjeJg1QDH5ktbVkp+7OPtsG3SHz9gXuhfALnJPeQHBM0ClVrqOIjg4uMkuMrZIW3oe6fEwBD3KBzScQtPy3awfNIEiq9T/IdkDdeYIEDuJ4ygtcd5gD8QLF2dT76JQU4ap5FPP0ddDKHT/EsInQGRKXWi2KVHXNSUoAjppnRQ4ZwZt+lKdSfD2H3meDyvjKv3+cfGcwF4FggAAAAAElFTkSuQmCC', 25202.15, '2024-04-01 22:01:28', '2024-10-25 00:37:10');
insert into `stepupdb`.`product` (id, shop_id, product_name, product_desc, product_image, price, created_at, updated_at) values (13, 4, 'Motorola', 'Motorola ME632', 'data:image/png;base64,iVBORw0KGgoAAAANSUhEUgAAABAAAAAQCAYAAAAf8/9hAAAABGdBTUEAAK/INwWK6QAAABl0RVh0U29mdHdhcmUAQWRvYmUgSW1hZ2VSZWFkeXHJZTwAAAKNSURBVDjLpVNLTxNRFP4GCkZK6QtftZVHaURLCHFBu7Cu0H/g0rhpdKEbjOlOEzCBjYmycS2kbggLWbHQmmho8GIw0YRWIhX6TKlFgvKYx5253juhBGIkMZ7kzEnOzHe/757zjcQYw/+E5V8B8XicaZoGSil4vSElk0lTgmEY0HX9UIqPDqYA+v1+9Pf3Y21tDVNTU4sWcYVwOGwCjgpVVTE5OVnq6enxZDIZzMzMrPIDn1kE8/LyMqxWKwqFAjweD7LZLHw+n9lvb2/H0tISurq6YLfbPfl8Hul0WhwYjcViCUskEpESiQRramrCxsZGiL8g1Wo1pCgK4TJDsiyTcrls1lKpZPa3t7fFdYpCWZ14iPs1NzcLFUQw22w2Ipg5IxHMTqeTdHd3w+VykWAwKIiEgoLASrU1Tk9Ps4GBAfCholKphARYMAtwsVgMrbhfkh26iZB+B7lcDkNDQ9K+AhFc0oNUKoWOjg6TORAIwOFwmMxut5vwvcDbegGv6GPBvm8e6aCRJiYmWG1dadsLMEODalCovOdxBdDrvYz51Tf4XCDYpUrdu/s/mPQ3J96Nh9nV4E3ojPvD0GGAobxZgNN6EnPfXmMh95bKVG00nTg+Pn6es97j7LcEu0jZpZrg7PpXaFwF5Wo0XcNP5Rf6fBFsaTsWsjIr1+2Z5Ho0Gr3N6yDPLD9gUKYyqE5xquUcTre04Yy9Ew31x3HCdhYf80kkM7NfdlQ4LHsDxNjYGPN6vaaBuNOekE0Fz+f4wAwVXCr8rRcR7ryGD9lZvE/NqzLQVxphyqEZjI6O1n6UweHh4acHZ9L7qHHrUtsV68LiJ6zXV49xsPrHFo6KzofSd92ob9019IbKCKO1/m/zF57K8A8dwwAAAABJRU5ErkJggg==', 94708.69, '2024-06-06 14:21:45', '2024-11-18 09:15:43');
insert into `stepupdb`.`product` (id, shop_id, product_name, product_desc, product_image, price, created_at, updated_at) values (14, 17, 'Lenovo', 'Lenovo LePad S2007', 'data:image/png;base64,iVBORw0KGgoAAAANSUhEUgAAABAAAAAQCAYAAAAf8/9hAAAABGdBTUEAAK/INwWK6QAAABl0RVh0U29mdHdhcmUAQWRvYmUgSW1hZ2VSZWFkeXHJZTwAAAHMSURBVDjLlZLBSyJhGMa/UxTUIWJ0ZVmlwxLLEiEhurCoKeqCOtZN7J4ZRZdd9rSG6NFbSOegDp5aqWWI3UGm6KBUxsq2LLj+CzV9jDOH8NlvJtqLjuXhBy/z8Xvel4chAMhTKGfOMeVsbqXf2wBp3s5Yf5hno8rp24YxS9PTVHq18mTAgzj3k4mCIs0cqZeLUCTHJ1q13VKRSz0v4PRNVr1KQfu9Aa31BZ2LKKg42aHfJ8ZNA9i5L9hWUZFeQ73kof3N42SPR6OyjFZ1FZ36AuQfo5CPyc7gDiRHttNYwsl+Apqmodvt4uJrCur1GmSB/GI4TAOo9JKjVasQi8VQr9ehqiqazSaqu1Fofz5C/kYow9M3gJVkp+JUJZFIIJ1Oo1gsolwu42hngcmfdfmecS4fki3TC3ieN2SPx4NAIIB4PA7lPIo70YY7YQJyhdhNS3yU3W43/H4/LBaLvnWbbbxnvGNyQz4gmb4ByWQShULBkH0+HziOg/6die+ZKOjzzQEZYXzoCYhEIsjn8z3yI0wKmf7KwWAQuVwOLpcLXq+3Rx4EyWQyaLfbcDqdCIVCQ8n/A2q1GkqlklHYMLIREA6HN/WzrVbr0LLOP1AMs7UPAa92AAAAAElFTkSuQmCC', 238098.22, '2024-11-22 13:48:30', '2024-06-10 13:16:23');
insert into `stepupdb`.`product` (id, shop_id, product_name, product_desc, product_image, price, created_at, updated_at) values (15, 10, 'Xiaomi', 'Xiaomi Mi 4 LTE', 'data:image/png;base64,iVBORw0KGgoAAAANSUhEUgAAABAAAAAQCAYAAAAf8/9hAAAABGdBTUEAAK/INwWK6QAAABl0RVh0U29mdHdhcmUAQWRvYmUgSW1hZ2VSZWFkeXHJZTwAAALoSURBVDjLhZP9S1NRHIf3D+gfURRhL2gFFQYFiSkEIkZFI8kfyjIUNNFCrOnMFxKJMTfCKNEl5AxUVCx1bm6NdMMkx97ci5vTjTn3otvdy9326dxbiinRhQ/n3MN9nnO+557DAcDZH7VanSuXy4VTU1OL4+Pjm8PDw4HBwUGTRCIRf+wXXz34/V5Ho9FkEFhE4ITT6YTf78f29jYikQhCoRAMBj3E3a/otyJ+v1DQnvmX4A88abVakU6nEY1GwUgcDgd8Ph+SySTSSQo0ZYJ8egCvO+qV7W2NmXsCZmYGTiQSYB6apsG8WywWBINBVhqnNhAL65GKreDrRC+aX1b2swICXyTLToXDYRbY2dlhJevr6zAajWDGk0kakZAR8bCBXUWCpKb6Uar26ZNcDoFFa2trYGIymViIqZkRud1uth+PhYhAR0An6W+RFcahVCpRXl4u4mRnZ+N/qbh/BZMfShDZ9rLiQCAAm82GsrKyJVag0+lgNpuhUqnQ19fHQkzrcrlgNi5DN/EAWytS2Ba6Ybfbsbq6Co/HAy6X62MFDLwLMRImzBiTlppr2DRIQIct0I/chVY7i3mdBUbHBopLbm0dEjDZhc3LKmgGihDbHENsowt+6zgWx+qh0jvwRWtEQdFN/aESdkU5OUQ8y4fPNITYWjPm2s8hsTWEH+/zMK8exTvpBApuFPX8cxNLiy/APtOAuLcPlKUMc205iDrqEbRNYKH3NvILC1N5+dcvsQdJIBCIFAoFPEHyK9d/Qm/XYklaigDZuOhqLSLmO7+zco+U8gYOhQDC6lzt3kns7OzM4Lc2T38alcDmNUD3TQjHXBfiHjE7e2SFS0o4y7aUrQKUewQK/mmvoulk1t5l4vF4Gc8a6noeVz2k1d15oHxWxP0ziHnJHnil+/IZ9I4Oru8SyBqOSzkHr2dVVeVlRcf5qKI1JyVvyU7Lms6kZbxTKdmLLFrWeCJGIGrm+TFqpv4oNV13RPkLngD4bMIOcuMAAAAASUVORK5CYII=', 178787.19, '2025-03-18 19:11:09', '2024-06-20 00:45:57');
insert into `stepupdb`.`product` (id, shop_id, product_name, product_desc, product_image, price, created_at, updated_at) values (16, 20, 'Plum', 'Plum Might', 'data:image/png;base64,iVBORw0KGgoAAAANSUhEUgAAABAAAAAQCAYAAAAf8/9hAAAABGdBTUEAAK/INwWK6QAAABl0RVh0U29mdHdhcmUAQWRvYmUgSW1hZ2VSZWFkeXHJZTwAAAGaSURBVBgZpcG9alRRGIXh99vnKIGgrbaCl5BOC2/BJgi2NmIlFoK9oI1CIJ39kInxhxReh1VKCZmfQkiVTOLs863l7GAau5DnCdtcRzx+ufPi4aON98cLr9uAhCVSiWVk4Uxk40xS4vbNenpwMH395cPmdr/xYGPrxtp6ubPGVayfLnIL2O4X1WVxfMJVnVUXVnqnefv0Plf17N0hTW+LZjkkBiyTAmEkkxI5mBxMWizT3Lt7i1TS9Ng0UYKwcQkcJhSUEkQUIpLoTKdCP5hGQ9L0qaQpgCMgoDMoQDKdoURHH5BhsohGKZpimdFoxGQyYXdnh9nREXvjMbPphO97u8ynE/a/7jKbT/ix/5nf8zmj0QgpufDq0083g+RB8iC5Zrpmepnp80z/qdVny+rFsvrkvLp58uabV+iHWrkQQQC2iQjMik1hpRQ6IG1KmGaoA03vFE0HmJUIsGkigksCuggs0Vii6SVxKYBgJYL/dfzTdTSyafrpr8Px8491U5koRWYiiawVScjGSpxGFpaQaMashG2uo3BNfwFx+DLsFQ4W2wAAAABJRU5ErkJggg==', 193169.57, '2024-09-04 07:33:10', '2024-10-29 18:42:09');
insert into `stepupdb`.`product` (id, shop_id, product_name, product_desc, product_image, price, created_at, updated_at) values (17, 6, 'Motorola', 'Motorola Moto Maxx', 'data:image/png;base64,iVBORw0KGgoAAAANSUhEUgAAABAAAAAQCAYAAAAf8/9hAAAABGdBTUEAAK/INwWK6QAAABl0RVh0U29mdHdhcmUAQWRvYmUgSW1hZ2VSZWFkeXHJZTwAAAKoSURBVDjLpVM9TFNRFP7ubWvb1x+QQAtRIFaRmEakaYiGiJaAurioiYsxXXVxMHESB40TJI5OOihxq0sZTDBq6kANikAJNLSBAokQ29q/1x/69673PoSoMS6c5Oa8c979zv2+k3MIYwz7MYp9mvb3IBKJ9HB3T7BSFAXcW8Q3P/KvWOTHXC5XaBdDRDIajZ7jflyn03VYrVYQQnZ+cr9bTJjwyWQSxWJxg+dv9vX1fST81SEevLXZbKRWlLE++wlyfBO5+BZq5ZIK1BkkWGxtsNoPoePUaTCdHqurqxzGLpDl5eVZDu41m8148+QBVoLv/qv5aP8QBm/fR6lUEsznNF6vd2xtbU3vcDhw7IwHBTmrXqxXymC1GpdB0XnSDvfFw7C0n0XXwGUYG5pUOYlEQtJyBrnh4WFLuVwG7wEGvHeg0WjUIoVCAay+jVx4FJbWfjQVMjB1diEej6t3uIQkTafTU3a7HQaDQaUVi8WQSqWQzWZR4wwK3yZhanbD2uZCfuMDVhYDKrharQoWE9Tn8z3f1ScKCGr5fF59XU6uIL8+CUtzI+o5P2zOG6CJ99BpqcqCMxihCwsLOQEWIJE0mUzQ6/WglKC6NYmW7ivA9ldMv3wFc2MJJL2E2o95wS7l8XjyVJZlRXRTkiQIKep4Uop6JowDrAzLwSKUcgxgCur5zzjiuYvU/DhQyYyqd7mWkNPpvOX3+8O8H8hkMqCEoRD1obGjF0oxxLEluK91Q6ls8l5F0OI4D33osX5vEsnO6EmBQOCFVqu92lRbIhKR0XrcyF+d5lormHkd5kVOgGgaAOMlfHk2EmeKMkj+3sZgMNhO5x5u9Fx/Cg1d47OQ5ln2x/5pjN34vjiHyMQjH/nXOk+NuZOsrkhM4YsklmjvsD2PneWa+QnIJn6IP3aTNQAAAABJRU5ErkJggg==', 69636.53, '2025-02-10 22:31:03', '2024-09-03 20:45:04');
insert into `stepupdb`.`product` (id, shop_id, product_name, product_desc, product_image, price, created_at, updated_at) values (18, 10, 'Yezz', 'Yezz Andy 5E LTE', 'data:image/png;base64,iVBORw0KGgoAAAANSUhEUgAAABAAAAAQCAYAAAAf8/9hAAAABGdBTUEAAK/INwWK6QAAABl0RVh0U29mdHdhcmUAQWRvYmUgSW1hZ2VSZWFkeXHJZTwAAAJFSURBVDjLpZPNS1RhFMZ/5733zkzjR/ZBCUpoJdUiBCkll4m0CUKJIGpVSLjyL2gntDFop6shAolWbcSNIW0ircHBUHCloo3VjNY0jjP3831bWA5ai8Bnfc7vPOfhHDHGcBjZAENji7N1cSj7IcdqY2zkKoiC2qSFNsKPYoXpTPbBynj/4j8BlbLL9c4L3OqoZWLmM4/vXdpX9OJtHq0lBXQdBIgxhvtPZmZ7ui+yspZrjwKfWExxtMbh66YLAgj4geZnyd2YzmT7Vsb75/c5UEqwDLgVl55r57hxuYY3c18Y6mtDgO1KSBBETMwV0VpeA2f3ARKOwvUCcgWX9bzH0NhqvC4Okx9zBzNpPdGQ4OHIrJnOZLtWxvs/2AChNnhRiFIKy8j/ZjILiALYLgc4YnO8zsJSIWUv4Pt2CMBU+tteoxtC0YN8wUdEV1eItMHCIdSagru5l0kQaZ4OdqC1wQAWhqQNnudR3PGrANu2aGmE9FJATSxJwinhegHDr1ZRAmGk0ZHGAMYYMJB0dh0ogOVs6VNqcoGtosYv1+9lYikHERvBQsQCozBGCMIQ3w+rDtKjvQMAd4bfL59vFqYzQasjNoM36wi1vzvHgBFNwo4x8nKNreJOFfBHy9nSXGpyoSPSYOGgqZCae8TJ5BkERb68zsDVZygSlD3/b0B6tPf2byempRFO127T095JQ6wJFBTcJk7VhCRjYItUT/mgrgxOvWtrPtLdEG8gYdcT6gDRGjERWsosrS2TKwbMP78rcth3/gX/0SEvLZFG1QAAAABJRU5ErkJggg==', 109325.45, '2024-08-11 10:38:35', '2024-04-07 15:47:53');
insert into `stepupdb`.`product` (id, shop_id, product_name, product_desc, product_image, price, created_at, updated_at) values (19, 10, 'Infinix', 'Infinix Smart 4', 'data:image/png;base64,iVBORw0KGgoAAAANSUhEUgAAABAAAAAQCAYAAAAf8/9hAAAABGdBTUEAAK/INwWK6QAAABl0RVh0U29mdHdhcmUAQWRvYmUgSW1hZ2VSZWFkeXHJZTwAAAI4SURBVDjLlVJNaBNBFP52d2J+tB5iGjFpvUgJtaVGhIA/p+pBsRcRD4o38ejdQ5F66C235CKYg3goCh4KCh7sRVoETQwGhBhFCfgTG9GC2WazO7Pjm9E0S7CgDz7e23n7vvfeN2PcffrjhpS4KqQ/5vs+hA9w5YWKJTj5AQQEl3Tuv1i8PJEDGfOlvHY+N5LAf9jCvXcz/ZgRmy5efn+HOnPqwuGR94Q38HTWz10/ugjPE+EAgdTBpYNX/qm77RApFxgQqKXJllbXty1iooPwzwac6DjOHs/ADRLwPwTKLp5I4v7aV1w4lkSn09FnT161Edl8g6mZKdRqNXz8NIKItFEqlQ57nveBeURAQoJZwINn67AsE49W69jDNugmBBKUG5+cRCqVgrqlRqOO2TEbnO9+2Wq1VvQKSgVmGTiXG8Xy8zai7mdMZ3OIxWK6SIG6IZlMaujRGUOhUDipJ5C0BTOBh5U2TQB0u11dzDnXxZKmGPYKruvC9PjvgxAVzh0ZRYQZW4Vqhe28qlFTMfXqlFmmQYJ90zH3DfR6PR0Pdw/GegLVTWtAK5w6lNBihkMmHMfRPw53D5KoCUytAX1M79+FL9+7OLA3CnvTIS0smKap0d+5L14oFNKemgu6Bbl2c+lt1hX+TvXCFCZ2AIlKZatzJpNBPB5Hs9lEtVqFbdtaJ8Ito88ctGKxuI+Sp9WIBDOdTt/OZrMol8uo1+tzlNtQxITXfyUYtvn5+VkqWiGcyefzj4O5Xx9ItHsmdOWEAAAAAElFTkSuQmCC', 53351.24, '2024-11-20 04:37:55', '2024-05-13 06:21:38');
insert into `stepupdb`.`product` (id, shop_id, product_name, product_desc, product_image, price, created_at, updated_at) values (20, 6, 'Haier', 'Haier P5', 'data:image/png;base64,iVBORw0KGgoAAAANSUhEUgAAABAAAAAQCAYAAAAf8/9hAAAABGdBTUEAAK/INwWK6QAAABl0RVh0U29mdHdhcmUAQWRvYmUgSW1hZ2VSZWFkeXHJZTwAAAKVSURBVDjLfVNLSFRRGP7umTs+xubpTJQO4bRxoUGRZS1CCCa0oghatkpo4aZN0LJttIhx1UZs0aZ0UxaKgSFC0KZxhnxRaGqjiU7eUZur93n6z5lR0Kxz+e93H+f/vu//zzkK5xz/G+l0+rlt23csy1IJQSjDNE2BL5V/EWSz2SAl9IRCoduVlT4YlATXhZxNOeFwCMPDQ1APS85kMu0iORqN1tfU1OD7/BKEuutyuNwlIg6HyAzDgDo9PW04jlNBISft2hSoadpBy1hf14jIRfJKh/ymiuR4/AQKhQ2pzsXFhUsuQ7yQJiLhIN4OvEFT8xmpLv5JB4JVJD/sSdM0BYpC99JNooitzU08uXdOKo6nP0G4PX7tZsmBsCpUxcRwpBaMMSgUrBziWRBwx0WD8xGJBEPeaQQv94AJB9QTImDweDz7gpVRjsUBtLREcDLZhWOBLJzVdMmBVV4ehSnwqOqeukRRAuGFQAZR308EG5MoLgwhGCAHc68R2vZCFSyiIaIEoZg46pP1l4aC5Q0bTZFlBE9dh6NPoioax46TQ92lJiQ3xkoErFyniNmvf++LhmgAljZPAnlyVERFIA/s6Ciu7JQIvF4VjztPy+WxLBu6bpArF9VWDuGtQXirXbj2JJhbAJgf3DIx0zeHd7k4VOrk09HRD227G4Uw4vf7E7XWFHyY4HUdtxRuvofibGFiUIfXKMJDJaqtD7CyOIJ9Z6G7u/s+kdw433rxcrzQi/qWNpj5Z1DVICZGdAxOxqCxGO0DG9s2xH6Y2TsLqVQqRkuWam+/iiN+P5heAcWzBE9lDFPDv35/GV/tetQ79uJgf/YIyPo6xef+/ldnRSmNVWto/rGAoqabudm1zru93/oOO3h/ANOqi32og/qlAAAAAElFTkSuQmCC', 116039.74, '2024-04-06 13:51:54', '2024-10-30 14:54:48');
insert into `stepupdb`.`product` (id, shop_id, product_name, product_desc, product_image, price, created_at, updated_at) values (21, 4, 'NEC', 'NEC N342i', 'data:image/png;base64,iVBORw0KGgoAAAANSUhEUgAAABAAAAAQCAYAAAAf8/9hAAAABGdBTUEAAK/INwWK6QAAABl0RVh0U29mdHdhcmUAQWRvYmUgSW1hZ2VSZWFkeXHJZTwAAAHMSURBVDjLlZLBSyJhGMa/UxTUIWJ0ZVmlwxLLEiEhurCoKeqCOtZN7J4ZRZdd9rSG6NFbSOegDp5aqWWI3UGm6KBUxsq2LLj+CzV9jDOH8NlvJtqLjuXhBy/z8Xvel4chAMhTKGfOMeVsbqXf2wBp3s5Yf5hno8rp24YxS9PTVHq18mTAgzj3k4mCIs0cqZeLUCTHJ1q13VKRSz0v4PRNVr1KQfu9Aa31BZ2LKKg42aHfJ8ZNA9i5L9hWUZFeQ73kof3N42SPR6OyjFZ1FZ36AuQfo5CPyc7gDiRHttNYwsl+Apqmodvt4uJrCur1GmSB/GI4TAOo9JKjVasQi8VQr9ehqiqazSaqu1Fofz5C/kYow9M3gJVkp+JUJZFIIJ1Oo1gsolwu42hngcmfdfmecS4fki3TC3ieN2SPx4NAIIB4PA7lPIo70YY7YQJyhdhNS3yU3W43/H4/LBaLvnWbbbxnvGNyQz4gmb4ByWQShULBkH0+HziOg/6die+ZKOjzzQEZYXzoCYhEIsjn8z3yI0wKmf7KwWAQuVwOLpcLXq+3Rx4EyWQyaLfbcDqdCIVCQ8n/A2q1GkqlklHYMLIREA6HN/WzrVbr0LLOP1AMs7UPAa92AAAAAElFTkSuQmCC', 82712.48, '2024-12-17 11:30:50', '2024-08-28 21:23:38');
insert into `stepupdb`.`product` (id, shop_id, product_name, product_desc, product_image, price, created_at, updated_at) values (22, 7, 'Samsung', 'Samsung Galaxy J4', 'data:image/png;base64,iVBORw0KGgoAAAANSUhEUgAAABAAAAAQCAYAAAAf8/9hAAAABGdBTUEAAK/INwWK6QAAABl0RVh0U29mdHdhcmUAQWRvYmUgSW1hZ2VSZWFkeXHJZTwAAAKOSURBVDjLhZNPTBNBFMa/3e0/ty1tiZUChkZAESnGA54k4WRATQxJL2piYpR4UBNvnrwZPXjwiiHRBCVBUMJJ0UrlYtJEjI2JBCkEbLGhWGxh2+5u6W7XmY1LCkJ8ybcz+2bm9968mWE0TUM4HLaS9jzRxXK5fJS0h4lIt/yNtAukfUIU7u3tVbHDmMnJyWNk0rDX6z3u8/lgt9vB8zwoeGNjA7lcDolEAul0+iPxXQgGg8lthFAoNBWPx2k4bS8rlUpaNBrVRkZGBim4Uiz5tNXU1OB/Vl9fDxLkzE6/iTh10urqKmw2G6xWK8xms+4TRRGZTAbJZBJNTU0UgD0BJpMJ2WwWsizr/4qiQBAEFItFfYz6dgOwxl44jtMzcDgc8Hg8cLvdejEtFgtYlkVZVdFQnLInXnVPz/cHrm0BjAxoRFIsXSqZTGX4aL+0MI62didf13Ovw9kcePjlwZGebVswFlDRbPRFf4Gu/DQc3nm4Wk6jEJ+A2dlS7W4ojk3cbuzbAlRGNwBGBryyBFf7OajiDGz7D0JWf6K26wSvFLL9OoDKiG4AKzMT1SqUsj/Acmtg2AIsVWuALCK/UuRMdAI9KnITkUqlIEnSVoUt8jICmMK+WlJEJUMKtk6q5oRW2sT3F3PyzJxwnWZwJRKJjLa2ttr9fr9+DxiGgbj4Frz0Hgc6OqFthsCoOcy8FiRTbkXgyHhsUbh5eXhpjKFpDg0NHSKgu0RBcmQuenxt2jgaO7uxudZP7oELsx/y0udI6pZfll7a7By6BhM5/TFRQKUNDAw4SS2az/rePKvrPBVQ1iOYffc7/zX668bVp/PP/3mNOwGGfXp08r6j2tMnZgpSLJa+c+lxbHS3eX8A58zTPyvL4X4AAAAASUVORK5CYII=', 12792.29, '2025-03-18 03:05:58', '2024-10-31 21:15:46');
insert into `stepupdb`.`product` (id, shop_id, product_name, product_desc, product_image, price, created_at, updated_at) values (23, 3, 'Plum', 'Plum Blast', 'data:image/png;base64,iVBORw0KGgoAAAANSUhEUgAAABAAAAAQCAYAAAAf8/9hAAAABGdBTUEAAK/INwWK6QAAABl0RVh0U29mdHdhcmUAQWRvYmUgSW1hZ2VSZWFkeXHJZTwAAAEMSURBVDjL3ZLBSgJRFIYvtO0BfIPeI3qBNj2Cy1rWzlWbkcBNYhC0TletJKOFq1lIILhQJCywaDZOkINiGl/n3DNj6LaF4MDHGebc/5tz544D3H9w2yAI3LkQp7UgREJRSIS+0BJqwr6QTzkWulqdD09juD3Ah5PI7r8TiPvw0YJeDUq7cJ83NDzqwmUOFUyYT/ASfasGm6d4kQo1OB3JszN4fTDujuBrqP2hW4baVxbMBIuZTfAeQucGxm/w+WzB6AleGipo/Am06hTrEwQupLhjwkFdtlOFnzlc72n/cFWgQb3WJ8i22a7A44mtCfQQ7BSyL6617BtWZ+kphMKFlwSusrJmW/7ETQt+AQhq/TxibW0lAAAAAElFTkSuQmCC', 247082.3, '2024-04-06 04:59:53', '2024-07-05 00:32:06');
insert into `stepupdb`.`product` (id, shop_id, product_name, product_desc, product_image, price, created_at, updated_at) values (24, 4, 'Palm', 'Palm Pre', 'data:image/png;base64,iVBORw0KGgoAAAANSUhEUgAAABAAAAAQCAYAAAAf8/9hAAAABGdBTUEAAK/INwWK6QAAABl0RVh0U29mdHdhcmUAQWRvYmUgSW1hZ2VSZWFkeXHJZTwAAAF7SURBVDjL1VM9a8JQFD3PiEGSCO1ih1gnB0EkdCkKzp0E/0IHIRQc3bJ0LTh28me00CJ06SSddGmQGKpYHbQGVEz8wte8QIqQoYND6YXHvXC5h3POvY9QSnFMhHBk/D1A2C80TbtzU9X3hGX/bbdb1Go1UqlU6Gq1Qr1eJwEGu92uWiwWkU6nkUgk0Gq1cKtmoF29Qdd1qKpKJUmCKIoolUpGgIEgCGi321AUBbFYDPl8Hi/vQzSbBZTLCpbLJQaDAXieZ/V5AIChZ7NZPPRP8dxjxCIonMm4SKXQaDSQy+XQ6XQgyzKTFAlIYMjRaBRPZgizPY8ZeLx+CeA4DvP5HEy74zhYr9dMbnALtm1jsVi4pu1BmUUcAQ0RjMdjr/crwHQ6hWmauDyxIBEHIrGRCfdhGIY35A+zjRxe748Hk8kElmW5G/jEtWsiY9PTe/gYDhGPx71eMpn02DCQAMBoNLp3ad50u13i736z2XiZuX94F248+nPk/3+mb7TL1kbVXJ5aAAAAAElFTkSuQmCC', 164733.34, '2025-02-04 19:11:48', '2024-07-05 07:50:47');
insert into `stepupdb`.`product` (id, shop_id, product_name, product_desc, product_image, price, created_at, updated_at) values (25, 3, 'Bird', 'Bird D736', 'data:image/png;base64,iVBORw0KGgoAAAANSUhEUgAAABAAAAAQCAYAAAAf8/9hAAAABGdBTUEAAK/INwWK6QAAABl0RVh0U29mdHdhcmUAQWRvYmUgSW1hZ2VSZWFkeXHJZTwAAAKFSURBVDjLfZM7aBRhEMd/3+7t7W7OmJjnxRjDKUYNnPEJHjZqo4WIEAQhFhY+asVGsLIUbGwVRMFGfKDpRWzEqCEKIko0GlQ0MV4e5u5279sZi+AjRh0Yhml+zPznP+Zy/+A5EdNXiiWILAtD57deCgKPS4f3bTwOkBI1B/ds62gOgsAY4/K/qAgktsrNu8OHgDlAKRLf9wNz5V6RChPMmJfkWscIvSmsCl+nQ54P11Gja0nRyMn9ORIx5gc0FVtwHBfHQOx8Itc0hp9+x1Q0g00sKd9nRUcbI28y1KebEJk/VQpAAMcxRDpO2isyWZ4iSirE1mJ1Ft/3mY1CGkMHRecJ8wtgDGqFKKlSsRHlakQslkQAU0UlIeUYVOer6gCozgECmpmZzaB4RJIQ2QRj0rRUXI6tGiXjlUHNPwCOYZHbzodPrVQmFlGjDdSaBkyxgbzOsKZrO93+/QWXcfR3gNfC0nADxaEi9ukIDL0lP/mF3MqdLG7bwDJ9gJ1+vVBEVXg5cZREhESErmicQkcn6oJTE1PbVE8yfYdl6/oYH76GYe8vgKpigN1zxgLAzU9Smv1C5v1dsvkDUBlk4Optth45xbvRBzT4OQ82z61g/uLXJKxHPJfMkhXULikh0QiokHx7RG77Cdqn+4OB84VaACfwzBRSpad1Kz3ZAuuyBfItm6kbfUj98vVI6RkqZTb1rkbijwTBKzq7dzg2io8DmIu3Bs+KmkKcaP7Hidui++ktnRJmu0KSbwOoxjy58YJNvWsxbh2Eu3h88fSYiuwwfxoDYOB84X2+72q767xFbfGPFR3ccDWfnw/xqv/M9dTfvs5GcTB4obesoqjIb6k/KyKoavY7re8z/KbjU2AAAAAASUVORK5CYII=', 120934.9, '2024-05-06 05:53:30', '2024-04-03 00:24:47');
insert into `stepupdb`.`product` (id, shop_id, product_name, product_desc, product_image, price, created_at, updated_at) values (26, 9, 'QMobile', 'QMobile Noir A8i', 'data:image/png;base64,iVBORw0KGgoAAAANSUhEUgAAABAAAAAQCAYAAAAf8/9hAAAABGdBTUEAAK/INwWK6QAAABl0RVh0U29mdHdhcmUAQWRvYmUgSW1hZ2VSZWFkeXHJZTwAAADMSURBVDjLY/z//z8DJYCJgUKAYUBE+440IHYh1gAWLGIzgXgPFINBVFTU/1+/fjH8/v2bAUSD8N69exlBcozIYQCyHUgZAzGIdl1R6bGHVBeEAjW5Qr1QDnOFj4/Pf5jNMHzmzBlUFwA1hQIpkMZ7QKxErCtYoJqVoDaGATXcg/JBBnQAsYmdnR2GC27duoUZBuQAeBhERkZi2IKOYbEAop8/f05lF3h7e/8nZDsy/vz5M5VdYGtr+//nz59Y/QvDf/78QcbUcQHFuREAOJ3Rs6CmnfsAAAAASUVORK5CYII=', 206259.81, '2024-11-04 15:18:50', '2024-09-02 15:22:19');
insert into `stepupdb`.`product` (id, shop_id, product_name, product_desc, product_image, price, created_at, updated_at) values (27, 1, 'alcatel', 'alcatel Idol 5s (USA)', 'data:image/png;base64,iVBORw0KGgoAAAANSUhEUgAAABAAAAAQCAYAAAAf8/9hAAAABGdBTUEAAK/INwWK6QAAABl0RVh0U29mdHdhcmUAQWRvYmUgSW1hZ2VSZWFkeXHJZTwAAAIzSURBVDjLpZNPSFRRFMa/NzPaPNSpsDQVF4JUi3YtomW0MBCchbSxhS3chAS6mJpFBYmugpjSRS5cWAQFSUmBGIYiCbYYbOyfOAqKgwgqRNF79953zzktxoEspyAvnM095/zOdy/fcUQE+zmhYomOl23J9mcXw/8N0J5u8z09+C+AU3hC58Tl+kDbVqODpkCb09UVNUeNMciuLt0b757q+ivgyuv2s4EOrteW1cZj0YOIlrpw4ECRxvsvGWSXlvpme9M39gKEN84s1xtt+o5XnojXHapDAAsWxpa3BUcc5NZz2NzYfLf+NV567lQs+8cfKN+0HnNr4pVlR6CshlYai6tZGN8inZnD4kJ2YO7ux2sAUjef5NzfARHlqabyynIoq/DN+47x6fE1rYKRQJvzRgfpD/cXrgIAszSySAJAz24Fnr7wNjOD529eYGxyDL6nR2Z7093KN0+1CjoKhcwMIk4mhlcadkkQkaLxYNJvGJjwRkUEiYcr0v8qJ11Dy6O/1uzpg6Fp5Q5OqVuW5JMlaQEAIoYbBg6XhVs6BxebixppaFo1W8Z8VYVz+2R1xLWU94klxg9FiIYBaznV0f/ZBYBIoXF4RjdYklTMdVoqDjgoCQOBFRDn89YyfMMgZlTFShrXtv0EgJ7I41njWpKEJUlWx0JueakDQwITACQAcV4BEUGZEAqKiDh56U7mUcSSzFuSRsvA6jbBksBSfjKxYKcflhgr2wpMvHMvLrOknP2u80/X2WfmmbX8IwAAAABJRU5ErkJggg==', 154896.61, '2024-08-28 22:36:17', '2024-05-10 07:21:56');
insert into `stepupdb`.`product` (id, shop_id, product_name, product_desc, product_image, price, created_at, updated_at) values (28, 13, 'Qtek', 'Qtek 9600', 'data:image/png;base64,iVBORw0KGgoAAAANSUhEUgAAABAAAAAQCAYAAAAf8/9hAAAABGdBTUEAAK/INwWK6QAAABl0RVh0U29mdHdhcmUAQWRvYmUgSW1hZ2VSZWFkeXHJZTwAAAJvSURBVDjLpZPrS5NhGIf9W7YvBYOkhlkoqCklWChv2WyKik7blnNris72bi6dus0DLZ0TDxW1odtopDs4D8MDZuLU0kXq61CijSIIasOvv94VTUfLiB74fXngup7nvrnvJABJ/5PfLnTTdcwOj4RsdYmo5glBWP6iOtzwvIKSWstI0Wgx80SBblpKtE9KQs/We7EaWoT/8wbWP61gMmCH0lMDvokT4j25TiQU/ITFkek9Ow6+7WH2gwsmahCPdwyw75uw9HEO2gUZSkfyI9zBPCJOoJ2SMmg46N61YO/rNoa39Xi41oFuXysMfh36/Fp0b7bAfWAH6RGi0HglWNCbzYgJaFjRv6zGuy+b9It96N3SQvNKiV9HvSaDfFEIxXItnPs23BzJQd6DDEVM0OKsoVwBG/1VMzpXVWhbkUM2K4oJBDYuGmbKIJ0qxsAbHfRLzbjcnUbFBIpx/qH3vQv9b3U03IQ/HfFkERTzfFj8w8jSpR7GBE123uFEYAzaDRIqX/2JAtJbDat/COkd7CNBva2cMvq0MGxp0PRSCPF8BXjWG3FgNHc9XPT71Ojy3sMFdfJRCeKxEsVtKwFHwALZfCUk3tIfNR8XiJwc1LmL4dg141JPKtj3WUdNFJqLGFVPC4OkR4BxajTWsChY64wmCnMxsWPCHcutKBxMVp5mxA1S+aMComToaqTRUQknLTH62kHOVEE+VQnjahscNCy0cMBWsSI0TCQcZc5ALkEYckL5A5noWSBhfm2AecMAjbcRWV0pUTh0HE64TNf0mczcnnQyu/MilaFJCae1nw2fbz1DnVOxyGTlKeZft/Ff8x1BRssfACjTwQAAAABJRU5ErkJggg==', 32915.07, '2024-12-13 00:36:13', '2024-07-20 12:16:46');
insert into `stepupdb`.`product` (id, shop_id, product_name, product_desc, product_image, price, created_at, updated_at) values (29, 5, 'Allview', 'Allview X2 Soul Lite', 'data:image/png;base64,iVBORw0KGgoAAAANSUhEUgAAABAAAAAQCAYAAAAf8/9hAAAABGdBTUEAAK/INwWK6QAAABl0RVh0U29mdHdhcmUAQWRvYmUgSW1hZ2VSZWFkeXHJZTwAAAMLSURBVDjLXZNbSBRRHMaHSHrpKehCYTch06AoTEiyy0MPEVFIUbYkqOFmgoZZBK2uli3VlrHeVitzUzPqoTT00VoqLe1CIomL3XPD3dnZ2ZnZcXac2fk6M+VY/eF3OPzP//vgfIdDAaCivdQcQiVhmDBEmKf3/4b0Fv85HyQkz/Qp9iGVQLgSfW2ZmA49hfgqOyDcXP1CLS7yKkWFjGItYKbz87x8/fJn4puC0NSojSHzg4REwyBwjzrHDR71y5O94F9Y2PCNpYLorAbffB1sRxPYdje4xqvgL5Qh5F4gRt/bROH9qSDRvSUkUD88VDk/bGPCXgsbaFimcLfrwHd1QnY5oJUWQis+htjlcnD374BpOo1gx8a49P2+OtmV4iPaZOpTM5X52Z3gm3AtErnbtRAfeBBtv4XYxHco8jTUmAzp21cIrhqILXWYbDiEieak2Oe6ue+INvl3QKeOOKNOO/hHdxFtaYReqqqCpmnMlBaPg3NcRKT9JkKluWC3b7loZKAvalGhl2uqQcxRjqmPX0xRa2srZFk29n19fWDfDUM6kQ/GUQUuLcNrGuhJs21uaHnZiE8rpoHdbkd3dzcqKiowNDQEgWGh7cgA7b6OyIZ0xjQgz8SwdxqhHdoHRYoZYkmS4HQ6DfHIyIjR4yZpaJlpCDaSF0rdNGsg5+R4I7WXESs5jvDbYWNYURQMDAxAEAQzk8CTfkiHs0BX2RBes372CrHsI5V8+VkwnR6wZ8oQV+P4v/QeY7XiZ2sLQrm5YFalVpoG0oGDaVP7sz6Ea68g7LpmmERHx6BpmkF0zIdwaQmClxygHeeJOOVDKHFNmmmgI+7Zaw2UnRFplxM/OzyQ8rOh7c6AtisdkiULPzwe+Otd8B+wiERsNf/CzIbcd6ce1mDfEzVUUoxQtR3BhhoD2m6Dv+QkXj5/rg3092tkdts/Bj09PQsJwvj4OHofP2Yi6VurIus3e/WkSVgMs3qdl1mxtpKc8T6fD2RWISSZBm1tbfMJYwSZsO7/rzwDOVtJiBD8hCV67xfvC+0h/fUq5wAAAABJRU5ErkJggg==', 102859.37, '2024-11-19 16:22:45', '2025-02-15 14:23:41');
insert into `stepupdb`.`product` (id, shop_id, product_name, product_desc, product_image, price, created_at, updated_at) values (30, 1, 'Acer', 'Acer Iconia Tab B1-A71', 'data:image/png;base64,iVBORw0KGgoAAAANSUhEUgAAABAAAAAQCAYAAAAf8/9hAAAABGdBTUEAAK/INwWK6QAAABl0RVh0U29mdHdhcmUAQWRvYmUgSW1hZ2VSZWFkeXHJZTwAAAJYSURBVDjLY/j//z8DJRhMmJQd+x89/W4IRQbY1x5L8590dzmy5PuIqC4gfvA+PPIyEMfhNqD06H+L9gfG9p33/jr23OMEiX30DTj8yT/oFxCf+hAYfBeIfwPxIyBWwjSg5Mh/tYZHzDr1D34aND7Y9tXOsf2Lg/O/z85uNjCFn908lT56eH985xXwzXvygwYUA4yLD/9Xcm+QlS572JWesP7XVyOL79/MLKci22Rc/6DXvPH+X8um+79t2u7/tOu4/w9ugFHxof8wha+1LP89NHT9iaxZIf/BCpWie7/Vi+/N/25kqvrN2Oz/suiO6QgDig6ADfgtJrX0p6TMb1u/Xd+5Eh9M4k16yCyQdH+HYOK9H6JJd+tgBv7U0j3wXVvvA9wAg8J9/6sNAvT/8gr++8Mn1MYQ8aCFIfzBf6bwB3+Zwx/8Ywu7H44e+j8VVX4hDMjf+/8/I6v/fya2OyghHHCn3GuRw3TvJTZnPJdYnXVbbA436Le49Aa4Afp5u///ZGAJ+c3AIg5T4DXT0stjpuULj1nmD9xmW6x1nWu2z2W+6RenBcbxIHmga6XgBujl7vw/R1TDAabZscNommOn0UeHLsNFDj2GPDBxh37DDrtJ+u8x0oFu9vb/liU6khal2jPNS3UfAem3FmU6Gej+tqjX5rBo0rln1qI9GdWArG3/jTI0/Q0z1N3UAyxdgTQ4NQpreMjCFAqpOoHZRvnqUhpROhmmxRo8cAO0M7f8187Y/F8rYxMQb/yvlbYBiNf/1wTh1HX/NUA4ZS0Ur/mvkbwajOEGUIIBf5BxjDvwFIUAAAAASUVORK5CYII=', 136482.38, '2024-06-20 22:58:25', '2024-12-29 08:45:23');
insert into `stepupdb`.`product` (id, shop_id, product_name, product_desc, product_image, price, created_at, updated_at) values (31, 15, 'Panasonic', 'Panasonic SA6', 'data:image/png;base64,iVBORw0KGgoAAAANSUhEUgAAABAAAAAQCAYAAAAf8/9hAAAABGdBTUEAAK/INwWK6QAAABl0RVh0U29mdHdhcmUAQWRvYmUgSW1hZ2VSZWFkeXHJZTwAAAJFSURBVBgZBcHda5V1AADg5/d733Oc7tjOaNs5GC6KdrEwmpPRxG7spoKghOim7oK8y0MIEQRL+geGEIQ3UXQvSJ8IafZxUbjQhRDZoU60iYsSc9t5v87b84TsVe3mrBWpHoCICIAIACixYTUfOJM2Z62YO97TOULSIKaEQAyESAzEgISAgLpi48de87MLUqmezhGyhO4SCW7f4O81YiSJiCQIkbqmNcXMIjMXeilIGsQxDp8AnKDY5teL3PyU6h4CdY3Av7cYu58R0QghZWeT9fP0v2V7i8Y4j77As2c5sAwIFAXDgjInJxURAzub/PwxMZBGphZYeIWJWZ44xdo5bl4kK8kzioohUUREd4kXP+Kpd3nkee72+epNBleAxdfoLJBlDEuKkpxoBAkBjXGm53n8ZZ45S/shrr7P75eBo6eo9zAsKCqGRBEB/1zj89e5eo7tLRr7ePJtWg9wZZV7t2i2OPQcw5JiRE4UESN1ZPc2g0tceos/LtPYx9HTaPDNe8Dhl9gtyStyUiMIJDXLp2m0GHzN2gdMzdPq0F3k+pcc/4+x/UwepKzIiSDWTB/iwBLT8xw8xt07rJ8HHj7GbkX/B+DBxyhrciIQ2N2i2AG2fiPL+OsXoNVlWPDnDaC5l6qiJJWjLlHxxRs0JhhcIyvp/8SHJylKdiu++4Tr31NW7B8nkrwzp627d9nkHM0Wsea+GSY6tDvESEyY6TIxyZ4GSUp/nTubqyF7WrvZtaKrZ4QSQ+TIMUSJHCVypGhaHW448z+h1tLAgvKk7gAAAABJRU5ErkJggg==', 184067.16, '2024-04-02 15:03:05', '2024-11-25 20:15:18');
insert into `stepupdb`.`product` (id, shop_id, product_name, product_desc, product_image, price, created_at, updated_at) values (32, 6, 'Samsung', 'Samsung Galaxy Grand Prime', 'data:image/png;base64,iVBORw0KGgoAAAANSUhEUgAAABAAAAAQCAYAAAAf8/9hAAAABGdBTUEAAK/INwWK6QAAABl0RVh0U29mdHdhcmUAQWRvYmUgSW1hZ2VSZWFkeXHJZTwAAAH2SURBVDjLjZNLTxNRGIaJv6ZNWeBwkZFLQtGAC4l/wKULV+7YILeSYukEUhJoSASVuCI0hpAYDSUQCJBSoAaC0wbBUi4aWphpO52Zlpa+nnOqCAptJ3k3M3me73LOlAAoyZfDqQdOEvyO89/vRcGZ5HeWmySFYdWHVOQN0vE58jrLJMFJ82hewVU4+bMfqdPxP9VBn+A4D88wP59PwFqmsH7UgeTJEMlsTuIyI5uRsDfCMcmtAtoyhVmOu5kkHZuFsiNA3XuEi+QCdhxluL0D/SvpoO+vhIksiItNiPqqyXgfIL403gjfoTsIL70gQBdim3VQvz2FFnwOxf8E8kYF0rIVYqcRM70Vgf/Pe/ohwsutOJdcpBpP4Mek+jPEfbWQVzkG+7tNcNsqt68tkcLZTIzM6YZ21IbolgHq9j1o+z04nKhHRnlH2p6A32LCvFD55fIYr960VHgSSqCFVDJBEeugh+zw2jnpc0/5rthuRMBaioWBqrVrFylXOUpankIi0AjJY0DC3wD9oA9rAnc2bat+n++2UkH8XHaTZfGQlg3QdlsIbIVX4KSPAv+60L+SO/PECmJiI1lYM9SQBR7b3einfn6kEMwEIZd5Q48sQQt1Qv/xFqt2Tp5x3B8sBmYC71h926az6njdUR6hMy8O17wqFqb5Bd2o/0SFzIZrAAAAAElFTkSuQmCC', 239206.06, '2025-01-07 21:04:48', '2024-12-29 02:34:19');
insert into `stepupdb`.`product` (id, shop_id, product_name, product_desc, product_image, price, created_at, updated_at) values (33, 13, 'Samsung', 'Samsung Galaxy Ace S5830I', 'data:image/png;base64,iVBORw0KGgoAAAANSUhEUgAAABAAAAAQCAYAAAAf8/9hAAAABGdBTUEAAK/INwWK6QAAABl0RVh0U29mdHdhcmUAQWRvYmUgSW1hZ2VSZWFkeXHJZTwAAAHrSURBVDjLjZOxaxNhGIcTtRkUJ/8AB9FBHBT8U3ToLAouxkUQLEIVnRxcKiithIjBBsSgRLgMGlNjvSOh4XJ4XLhwIRwpd+a4L1xMjEMfhy+aS6W2w2/4Pngefry8bwJI7EoSOAykaHdOTt+JvTL/UY+SNAYXML1POO4OnS5YLTCtMYb5FcO8j26cR7MX0OyFeYE2OkQjuESrBWEI4wmMxjAcgRiAH4Bu7GBaUDcFm5YzL9gcnaHdAUUBVQXPk4JoCCKSklDI+AG8Lv2YF5QbJepbEgiFBIYjGMTgQEAQQj+A/BtmAk2k0JoTKhtQrYJtQxTJhH/gEPpT2O9DLh8TbHQu0zRkZSHAdiQsdsF+AF4fPB9e5GKCiv6ZwluoVOTUe9sSjlf2+xJ2t8GyYTUTE+i2J4EQnA7UahKIV/Z8KS8W4eG6zlJGnQm+OB+wTDl5MeCvLF65aUC2AFfyadL5s9wpnJ4JitYpsrW7vKyqFNTvKLUh7rRy14V3H2EpMyG9tsj1anKvTUwCR2gExylZy1jfwO1BuQy3159xtXh0/1WGBO+7F6lqv3B70NDhwast0qVzB7sFxTmGYj3HNOWkH61G3MovHvyYFP0EiuZgt+Hx05/cyC7/D/5XkLNSrKg3ufcErq2t7AcDid88lUyCVhHVfwAAAABJRU5ErkJggg==', 249572.11, '2024-08-24 03:15:24', '2025-03-05 13:16:01');
insert into `stepupdb`.`product` (id, shop_id, product_name, product_desc, product_image, price, created_at, updated_at) values (34, 13, 'HTC', 'HTC Desire 20 Pro', 'data:image/png;base64,iVBORw0KGgoAAAANSUhEUgAAABAAAAAQCAYAAAAf8/9hAAAABGdBTUEAAK/INwWK6QAAABl0RVh0U29mdHdhcmUAQWRvYmUgSW1hZ2VSZWFkeXHJZTwAAAMFSURBVDjLXZNbaFxVFIa/c84kPZM4M0lNE2svw1g1KG1NEKt9kAYLZbRKlBrQvhYbURG0L1V8MQYUES/QIhrQJwXvtAbxJQVHYiC9DYWCTpVOgkwzzSSTuZ199jln7+1DQDr5YL2t9a/FWuu3jDG0kZsaBI6j1AEcPUQYggrz6OA3hPycZ97+69Z0q00gN/U6Sk3S3RvHjQM2GAWtBoR1qBQFOnyLsY8+bBfITXVizBnc7iydLtSXwauBpUD6oANwNkGiB2oVqCz8ShSM8uK3gQ2AUu8T784CsHxdIVYP4ntdZN+0GJ2wEM0uajcOUswrlAI3mUW23l2f4NzpPVjqMvE+h+qCQspdmHAFFZxEh48RSNDyHJ54Dyu8nUD+w8A9DsWLCh3ujaH8Y8R7HbybIL1DmCAiCq/Q1ZuhsQK2BbHUfrzVo0j5KFIeonxths07HJauHrOJ/Cx2J9RuQiTm8Jof46YylK99R31phNXSSD1anCulk5lIy08xYo5qCdwEeF7WxvcyYCD0wG8FKHGYtRsQeqcvDJ9Ind/7vFjp67jTvfsp1lIdj+O1AmQLrBgQbrOJxPqWZQtEvROvFae1tExqm5JS/mCL4h+J9JPp5NZhqgk39vfg9v2YaP1CtnFsRGOR8p8gGgLZUviNA4z/1D+7fWz8oU3/xpLyspPo60HVz9I3fBypzUnj6BKL8wCLMbzmKURVEMhveOVsAORmZ2c3+754Ol+eZ9fuZ8G/xPxXZ3jkhTcIZfBEfmd6bHihWAH6Y4x//Qkb8H1/kkahq78nTqLXQ9Wvg9Go5nkyIyeswi+T78xvGXh436tzDXtj8czMzJAvmuO31X63e3YOob0rGC148MggOijhugUG9jx3XySD11h/9naEEB90rF1QW+/aR1eigolWwHK4+GMB0Gi/wJZ70ygZvpyb2H1/m5mmp6cPCyE+27F0KvHA0S+Tjl3ERFXgVsfaOPFBylfzFH6e+D62ofuo7/svab/5xaWpI8Jog9H6/9Aax2gNWiu0xhhzx3/je6YQnMUxcAAAAABJRU5ErkJggg==', 115789.22, '2024-12-21 11:07:31', '2024-05-06 13:15:38');
insert into `stepupdb`.`product` (id, shop_id, product_name, product_desc, product_image, price, created_at, updated_at) values (35, 14, 'Samsung', 'Samsung P850', 'data:image/png;base64,iVBORw0KGgoAAAANSUhEUgAAABAAAAAQCAQAAAC1+jfqAAAABGdBTUEAAK/INwWK6QAAABl0RVh0U29mdHdhcmUAQWRvYmUgSW1hZ2VSZWFkeXHJZTwAAABjSURBVCjPY/zPgB8wMVCqgAVElP//x/AHDH+D4S8w/sWwl5GBgfE/MSZAQNL/31CdMHiGaBNS/yPbjIC3SHSD+3+EXoh5z4k2wfs/qt2/ofAziW7Q+v8brhsSrn+IMYFgZAEAE0hMH/VkcbsAAAAASUVORK5CYII=', 88303.69, '2024-04-12 15:42:52', '2024-11-27 04:17:12');
insert into `stepupdb`.`product` (id, shop_id, product_name, product_desc, product_image, price, created_at, updated_at) values (36, 2, 'alcatel', 'alcatel OT 557', 'data:image/png;base64,iVBORw0KGgoAAAANSUhEUgAAABAAAAAQCAYAAAAf8/9hAAAABGdBTUEAAK/INwWK6QAAABl0RVh0U29mdHdhcmUAQWRvYmUgSW1hZ2VSZWFkeXHJZTwAAAJ+SURBVBgZlcFLSBRhAAfw/858s860aygiptIp9NChoDzkxYNUYIcO0TUIOghFUNElvEad6lBkdEqCIugi3QQfLR2yQumBaPh+7Li7o/uanfmes1972IOEQv5+Ma01DuPRh+U+StlEhSsZUnElprXGQd6kdomUsoOJaiflojXk4mIM+pZjaXCp8GslTwkOMDLlOVyoCamiXhkpVCOJRDyGpG2CCYlsgSPvh4TgACGVt21L97Y0meBCg0kNyiW28wHiJrC8VYAo0wsE+3g1vtRdquYeHyXHUfAldkohKJcIuUSjbWI5XYKXLQ5/fnk1RbDHyJTnSKHeCbF6SbVMGCteH5pxAk7cQLbAQZmAGbOQccuQZTqGGoK615M5woX6aRPdZTkn4a+7kehMmdOzMmptaDOTNkEuzxE3gaAcQITMQ42BugpVHUzIrqRjwCJVOA3nzPLvMzKScujPxnK04RbRdIQgYBxhIYSs0DRqDNSFnHUKIUG5xKZXQTweg5Potmyde9hz/quZ9RbgukWsLWQQlvxFFQkXNQbqKgFvDRhHyCRCKrC27cOxYmhrPksyP5rQMzAPd3FJZVdzoyrip+cn7yvUENSVQnajvclCSAUqlIMyCa8oYVsmoPsxM/pJRVVxam7ywTz2IKi5+WLmXqNjXI4TA5lCgIRtwjI1GqwYhJBY39hFLt0+NPtxcB7/IIPPvt9N2MaTRNwAZQKWqbGeLmFnxwf1GZhPwXz+RXH2HPsgPuVP25qT0DrCZtbHpltEwQuGlRBjEedexFVaCenOjd9R2Acp+RQb2xFMaKS3iiju+v3Tb69N4T8RGtBjK/lSRoWKKsYGvr2/nsIh/AUG0IfiieuuUQAAAABJRU5ErkJggg==', 190631.34, '2024-07-25 13:20:52', '2025-02-17 22:52:11');
insert into `stepupdb`.`product` (id, shop_id, product_name, product_desc, product_image, price, created_at, updated_at) values (37, 19, 'LG', 'LG KG130', 'data:image/png;base64,iVBORw0KGgoAAAANSUhEUgAAABAAAAAQCAQAAAC1+jfqAAAABGdBTUEAAK/INwWK6QAAABl0RVh0U29mdHdhcmUAQWRvYmUgSW1hZ2VSZWFkeXHJZTwAAAEZSURBVCjPY/jPgB9iEVoqPefllFPdNk2GWBUsVpz9ctL1rkcNW/v+59VhKFgkPfP+xI0dF+uC/jPkWCR/Q1MwX2TGvf7Nretr/UG8BO2I5ygK5olP/dCzpWV+dVAhd+bB+JawrT7ICubIT3nbvaFpVkVqgVDa0diO4CneN91E4Qpmq0560jW/YXp5XB5nyq2YrqCFno9cJeG+mKk48UHHjLruMu8czuSbkfUBizxeucrDw2GGev/71uW1jMVrsq4nPIto8F/g8caFDymgetxbHlVLgDjxnWExPjPdb7sIoYRkk17FywJRECdY1Xux201nMbSgLufO25qyJUY1yNrzsus9JxkscZHMG+kVcN7jqWueowARkUWiAgBEUvolGfpITwAAAABJRU5ErkJggg==', 195021.47, '2024-08-14 21:53:27', '2024-12-19 10:09:41');
insert into `stepupdb`.`product` (id, shop_id, product_name, product_desc, product_image, price, created_at, updated_at) values (38, 17, 'Lava', 'Lava Iris 470', 'data:image/png;base64,iVBORw0KGgoAAAANSUhEUgAAABAAAAAQCAQAAAC1+jfqAAAABGdBTUEAAK/INwWK6QAAABl0RVh0U29mdHdhcmUAQWRvYmUgSW1hZ2VSZWFkeXHJZTwAAAFFSURBVCjPhZG/K8RxHMZfdy5OnEEMhhuMJCMldVl0JcOV7Bb2K/+CRakbTOdOsSjWK2WRZMDiR1eK7sJEuYsv98P3/XkM93Uj72d51+vp6aknJP6+yO+z3U/azTGsDt2rQGb5NQBCiHxqz3tUU5LUUFm73uZCi7Rw4lQ1OdVVVUUfaupLa5pJChESud5YcT4e4RPD4TDEDfs8lNz4iRcG0pPxKB7WVp4VYgwMaxXC4JJD1PHb2ibLN7f0oSSEQROdfGL4GEaOLN84rojiJiACAgwfhyPPFsIwhCFaCed1ujB8cmTbSSN4cA5hsMNnuvHJs4UFPYxRqthhK2Hj7KlBkWyADJ9FKryUtA4hAZnE23GZHq65I0KcMTxe8WYvjgIDTKe0M9gboxOjwTsvnpYuD6BtgKl+pZmzUdUoUVDmMhgr9N/cP2kRvjgCZVaBAAAAAElFTkSuQmCC', 70395.87, '2025-01-22 17:47:54', '2024-05-22 03:18:32');
insert into `stepupdb`.`product` (id, shop_id, product_name, product_desc, product_image, price, created_at, updated_at) values (39, 3, 'alcatel', 'alcatel Go Flip V', 'data:image/png;base64,iVBORw0KGgoAAAANSUhEUgAAABAAAAAQCAYAAAAf8/9hAAAABGdBTUEAAK/INwWK6QAAABl0RVh0U29mdHdhcmUAQWRvYmUgSW1hZ2VSZWFkeXHJZTwAAAIuSURBVBgZpcHNi01hAMfx73PmzHWUO0QmbiOhyQyZMYWGRhbYSfkLpKwYpSRTSikLxE7IxsrGSmJBGtSQnXfJ5CUvg+G699x5u/ec53l+zilFNtR8PkYS0xEwTQHTFJJ5dX3to6hlxQpjAn4TjbHXH5ytrgca/MmQm1i+7akNyRgFHYv6LjYbY0BkBMZg69+Xfn109INA/NJUaJFcOjr+efAgcDkkZ1XHJzMaX87hkiYIWjCmSFTaTGndiQIS4EEeECaYtWD4at8R4HJILjWBfIJLCsgLP/WedOIr46N3aI4WglLwCZIFLMWOQwXkF5MJyRlF3k6RTIKSCdKxGsWOnUTzOgEDCPAgAcKEc8AFIZmQXBoQzmxlTuduwIOE8PjkE7Z6C7kY2RjZGnLjRG2HoSFyIblUkqvjJ58gFyM3hmwVn1aQi8FWGRyucPedI56aIrX76Qlc2A6E5BpI3uLTb8jGyMXIVpGNkatw42WFp/UimzauoW1uO7efX+Hes5HwUn/pVEAukQwO2R/IllH6HdkysmVkK1x7UWV1RzcucHQv3IozKb2rNpDZG5BR4it2shyn4wVvJ4vYxnxc0oZ3y/BuJaO1Ms1mFts795E7sPkCy1q7yEQhGdUbJ9+c37EOsQVDkb/UapXo+ch9Ho8MMbD1Isdv7iJqmkGmbiTxL739pWNtS2Yf3tDVR/uCHoa/POT+kyE+vo1PG0n8j97+0nFgD1AExoCzD86MDPwE/3Mt+7fw600AAAAASUVORK5CYII=', 119201.08, '2025-02-09 21:25:26', '2024-04-20 16:48:08');
insert into `stepupdb`.`product` (id, shop_id, product_name, product_desc, product_image, price, created_at, updated_at) values (40, 4, 'QMobile', 'QMobile Linq L10', 'data:image/png;base64,iVBORw0KGgoAAAANSUhEUgAAABAAAAAQCAYAAAAf8/9hAAAABGdBTUEAAK/INwWK6QAAABl0RVh0U29mdHdhcmUAQWRvYmUgSW1hZ2VSZWFkeXHJZTwAAAGWSURBVBgZpcE/a1NhGMbh3/OeN56cKq2Dp6AoCOKmk4uCn8DNycEOIojilr2TaBfRzVnESQR3Bz+FFDoWA2IjtkRqmpyc97k9qYl/IQV7XSaJw4g0VlZfP0m13dwepPbuiH85fyhyWCx4/ubxjU6kkdxWHt69VC6XpZlFBAhwJgwJJHAmRKorbj94ewvoRBrbuykvT5R2/+lLTp05Tp45STmEJYJBMAjByILxYeM9jzr3GCczGpHGYAQhRM6fO8uFy1fJQoaUwCKYEcwwC4QQaGUBd36KTDmQ523axTGQmEcIEBORKQfG1ZDxcA/MkBxXwj1ggCQyS9TVAMmZiUxJ8Ln/kS+9PmOvcSW+jrao0mmMH5bzHfa+9UGBmciUBJ+2Fmh1h+yTQCXSkJkdCrpd8btIwwEJQnaEkOXMk7XaiF8CUxL/JdKQOwb0Ntc5SG9zHXQNd/ZFGsaEeLa2ChjzXQcqZiKNxSL0vR4unVwwMENMCATib0ZdV+QtE41I42geXt1Ze3dlMNZFdw6Ut6CIvKBhkjiM79Pyq1YUmtkKAAAAAElFTkSuQmCC', 106078.59, '2024-07-27 01:22:48', '2024-10-09 13:05:49');
insert into `stepupdb`.`product` (id, shop_id, product_name, product_desc, product_image, price, created_at, updated_at) values (41, 10, 'Nokia', 'Nokia X2-05', 'data:image/png;base64,iVBORw0KGgoAAAANSUhEUgAAABAAAAAQCAYAAAAf8/9hAAAABGdBTUEAAK/INwWK6QAAABl0RVh0U29mdHdhcmUAQWRvYmUgSW1hZ2VSZWFkeXHJZTwAAAJiSURBVDjLpZNLbxJRFMf7AfwEfA5YunTDwsTuujO+YsLGxEVTV066cdGYQmaAKKZNawOVSE2qltRIW+kI0jQWOlCGh0Bb6FAYcBgYGKAc51wegrrzJv9k5ub8f+dx750CgKlx3bCBTpNBk1HTzEDGwZ7uz/hx4zVN+icbksnz9YwJHiXZ4+iJGOFi4v5hnH2zl2Fm3RUTxmDsBGBgvu7yF6jISZoXyhLIShs6Vz2iWkOFfLECgUOOX9pOUxg7hAwBejRz8R9ys9UBXIrahYrcBlFTvdUle7Kiwn4oLDu2EgjREwD2hWVj5qE5X2lBodoCoaoS4fdGsDiCbO8E+EdrArajQ4DBw54yWDYuzDg9vwcPbNEJ8z2Gg7Nyk8TEMxdAu4MMehFgDHxPsNgzllquIWCXALCSt5r5JnVAALlSE6RGBy6rCiyvv2fRi4CZ8HFUxGGhuSSpME3twn0rB8xWjnyjEJApKqQKtXMFa851Eb0EcBThCADNqFtPfcRg9Z5OANKCMqiiDcsrr0cA45eDGFuVW1BTOlD8iYDPxJC9VPotDQCpiwY5meR5FWiHc9SCwelLMbl8GXo9IIPD4Dt0PyMKq8K9RL4B7W4Pdr7FgLJ/HA1R99hVMvn8IV6UmiRgeHzJQoMIjfiPCVJadsuLVf6uPdk/xuFFot9FqM1Pflmo1Elgtd4h/WIbeLQITp5XwOxwyXP01u+LNH6VF5whatW9yQfDKcgJEpkJ9hzLiuD1R2CBXuJnLR/+vsrjj+nhq6xp/qWXeW5bYWmrXVy0MOIzs4OdM3uY20z834/pf57zL6w/CRKnLd7XAAAAAElFTkSuQmCC', 134819.6, '2025-01-08 10:24:51', '2025-03-09 14:04:21');
insert into `stepupdb`.`product` (id, shop_id, product_name, product_desc, product_image, price, created_at, updated_at) values (42, 2, 'Samsung', 'Samsung Conquer 4G', 'data:image/png;base64,iVBORw0KGgoAAAANSUhEUgAAABAAAAAQCAQAAAC1+jfqAAAABGdBTUEAAK/INwWK6QAAABl0RVh0U29mdHdhcmUAQWRvYmUgSW1hZ2VSZWFkeXHJZTwAAAC3SURBVCjPvdCxDYMwEAVQSxQ0CImKKldE19FRITeu3LihiGQGYYKbIBtkgtuACdiACW4NcgEnpKJE11j6T98+m9Wcj7kERIqsM6ymHwJ7dvQJmhvSryFK5N1rLFtc4gT8Bx4JOO42gC+Y6wM8pJ/D6Ec3dnOrAJ9ga64O0EtIDS3fBS0sGi/FklMCQXwCjQIoa1vZYsqnrEnAi0sAGWQ/5Zx9r/CkT+NW18QBWMu39TIydN1Xn88bUK7xEQPM95QAAAAASUVORK5CYII=', 232688.17, '2024-03-31 17:56:41', '2024-08-29 04:18:34');
insert into `stepupdb`.`product` (id, shop_id, product_name, product_desc, product_image, price, created_at, updated_at) values (43, 16, 'Nokia', 'Nokia 6230', 'data:image/png;base64,iVBORw0KGgoAAAANSUhEUgAAABAAAAAQCAYAAAAf8/9hAAAABGdBTUEAAK/INwWK6QAAABl0RVh0U29mdHdhcmUAQWRvYmUgSW1hZ2VSZWFkeXHJZTwAAAJ+SURBVDjLpZNdSJNRGMeFoC50flVXBV1EoF3YdzKYG0u30FTsY9bQnLpqrSg/5uZe29RtimvkxBbCTJupmzpLl8tNxfwObUxTF2RQRNJFGOqFYELx/nt7LwaCzKKLH5zz8Px/POccThCAoP9hy+LNq+nVJZzdULMZULBCIGVGQpye2vhXAqlYVK5OiYIhMQx6Cg0vFDJ2CLLj9kGcJTRuKyAuxKKGCiqokIwmFPmcCOScDkPa0T3ktgJZbDjZa1Liq9uAcZMEGaciIGLuhZC5H4Lj4TDKrgQHFJgzD6yuvn+F5Tct+PbagumnRfjk0OC7z43W6wfX5ptu7QwouC9ielY8Nix5O7E+20bRTq9Xpttgzj3iDXgEvuJZMPt23Wht4UVseBvw4103zfpbK+qJ82BdezDCL7AythSw8+yRPIW1kaN+gaahBRRo69BaKEBvVjxERDNV+4Az5S/Bl7c/ji+whW8SMItcO/LrxyxcdQ/d9GT4I5INQxh0TWBKkoUUjRN6hw/C2jGwS7pJbp7FyJXZd/kFScVWXcbDcTg8i0jQusDTuSHQ92E2Iwnz2WlIrhoAt8yJVMMw1B2zuFw9RPLzGqr8ghlV1K8lpxKEbQa6rnm6Sah3w5aaAlVuMc5VuJBpmoDAOApJ/SSW+0oxWRS94RfMqaPJlQEtBDWjeNS/ACUlkrd4kW8aQEJZD+5aPJA2TKGyy4fEij6sDurgKT5M+gW+5jvENHHo5yXjCOI1vajs9tGUdc7hbGU/PdWfPeeeAyxFB2ZKYzaojG7TK3xulzIk2saYkzfMi1zqouKILrCUz2mYcjtYcjt5LMe0JlaZT3zpkDIC/sZ/4TfeSKfmHj5WOQAAAABJRU5ErkJggg==', 17763.67, '2024-09-22 01:35:47', '2024-07-15 04:02:58');
insert into `stepupdb`.`product` (id, shop_id, product_name, product_desc, product_image, price, created_at, updated_at) values (44, 2, 'LG', 'LG K22', 'data:image/png;base64,iVBORw0KGgoAAAANSUhEUgAAABAAAAAQCAYAAAAf8/9hAAAABGdBTUEAAK/INwWK6QAAABl0RVh0U29mdHdhcmUAQWRvYmUgSW1hZ2VSZWFkeXHJZTwAAAJeSURBVDjLhZNdSFNhGMc3z9lUREVnGmgzEZa7kGBe6kWYg26syz7uoqKgEOpiUjfdjALJiwmDYKSMburm7EInG8yNttm+UitwQm26sVgrcSPWvtf5977HbSyc9sB/73ne53l+7//snCMCIKIiIVYqlVM6nc6vUCgukZylexWxKpVqwmAweGgP3avN0Z8QWTxEAbMZ8XgcvuVlIQ9VRK83LRahtrG6WqtVDhaJafK5uRlBtxuxWAzbZP3IMDhoahK0JRYjuL4u1GjPVgVQcXcI+NLWBs5oRCQSAbe0hM2eHkS7uxHt6MCH1lZwi4uHNbLuNALsd3ZibWQELwcGYBscRFgux15/P3Z7e7FDQOb2diy0tGBFKkWcODoCSMtk+DE+jsTYGL6PjiJGYNHhYewRUJiAQn19+Epchbq6cMCy/wJ8Ph/K5fKxKpVKyOVygmjQPTpzLCCTySAQCCCZTMLv98Pj8cBCngINnuf/D6DDJpNJOLlQKCCRSMDpdAp5sVhEPp+H1+s9CqANVQjHcbVmm82G7dfP8f6mEraLEjiuyfFu7n5jQFVVAD3d8eIhPmkmkDPPgw9akHnzCIEH52GdZGdOBFD7drsd9utnkSXDWJgGZruAZ0PYn7sA6xSzK7zKFECG/tQDqKj9dDot2OY3ONRH6ulp2CZZXgDQe0ylUr8opP7PpA6y2SwcV8/g96tbABnKa0RIEkXvMbCqmW8CQK/Xw+FwwOVyNdb8DHx3ziE+O4SfjyUI3xZj7bIUFjXzRABotVo3+Yxxkt5qbmDlyiliWwLztAzGu+oUnf0LtxKkWPCjmmgAAAAASUVORK5CYII=', 169976.5, '2024-06-26 15:09:26', '2024-04-26 23:33:23');
insert into `stepupdb`.`product` (id, shop_id, product_name, product_desc, product_image, price, created_at, updated_at) values (45, 20, 'Kyocera', 'Kyocera Milano C5120', 'data:image/png;base64,iVBORw0KGgoAAAANSUhEUgAAABAAAAAQCAYAAAAf8/9hAAAABGdBTUEAAK/INwWK6QAAABl0RVh0U29mdHdhcmUAQWRvYmUgSW1hZ2VSZWFkeXHJZTwAAAK/SURBVDjLjdJZSNMBHAfw1UMPhfTUQ5bgkfWQSodmYplroiAkXkvXcnOVipqsWhLKXEvnUEHUOecU72tec8vEVgQamUfeUzzThcc2QUqd+09b+u0pMxTz4fv04/d5+PIlASAdFG6wJWsk3351ofoMZstszKVs22I/V9tjf+4HPrN9z1I0lTZbizWnsTsFsXbZhwKKmadEi03O0KoiQHRnQit3x6LMCqP5dj8OBUiCT2bqhlRY/SyBeagchk4JFgZb0ZZyWXMoIND3buRY1bPtteFGbI03wTiqhK5dhGSGp3xfIJJsz8pj3V4VhZEhCaeYo0Mc+0QvYn/q5BzMv34FXXMSOqSP4RRxsdUl3uHEPwDT/Rwlj+W1lU0nY3dKstjILRAgQ8yFMtcf4y001CjC4ci7UHaJc/74DpAVcqWjMNofTfyHGKvhoppDhSiMAmmUF0qHuGh5Q8VyDxtmQw/mP9xHRhUNbtEukh1AHGLXMN0m21OYLJEMueoelj6GwbxSiZVRPpa7eJioCMBQmsf/C0tPCUanwg+b3+uwoeVhQ1+IlWEeiDk+pqSef4GjV3MSxAlxewpzoD5HRYkP1mfSQXyLgWmOA0LDBDFFRT/fzUQCQDriXvsokNNvaNcDwno5kkpkiBeVobZtAL3VUVDLQw1rkwwQ034wzdBhnKCin+9kqgi1ppFsfKVUKrvF2Dy+BcEYEPEFYLQDwvoWfCoLBzFXAOPXIBCT3ujLdl0fTHHRqwXX9DKGdRAAEkktcP7V15gLjkIHpgpgKrdBl22jqy4GG9pyrKmvgxjzwYD4Bgrodg9UQZYW7Qwri50haXJuaRtTn4LG60bke4D1FmAogS4FG5tLQhgn76A7xwO9wpvYb62kycoot9bkwERXapXS+UkvyDw1yLwRpKW+RHdRAN4Jvc1FcV4Ns6U0+n7Ab/dSu26WPRQHAAAAAElFTkSuQmCC', 68921.3, '2024-07-29 20:20:41', '2025-01-23 07:51:00');
insert into `stepupdb`.`product` (id, shop_id, product_name, product_desc, product_image, price, created_at, updated_at) values (46, 8, 'HTC', 'HTC Desire 612', 'data:image/png;base64,iVBORw0KGgoAAAANSUhEUgAAABAAAAAQCAYAAAAf8/9hAAAABGdBTUEAAK/INwWK6QAAABl0RVh0U29mdHdhcmUAQWRvYmUgSW1hZ2VSZWFkeXHJZTwAAAImSURBVDjLnZNNiI1hFMd/73vvzSXjKwzmRopJyFcaYmczPko+8pE0SpYsrLAglnbKAvlYSNkYjYhmSrIRRRQbKblc07Cii3Hf82Xx3jsxG/Kvp9NTz/mdc/6nJ4kI/kfdl9ftENUL6b887rm9s7K7d+va35I3i+r1jvaZk5O/ddBze+e8LJNFWZbdzES7RaQsqn0zpk0vVGu1+l87yDKZnGVZb2VaRyoiA6J6a05HpVCt1erAiuTOwOYA8AjcHHPHzVA3LFNMhHea8rI8hYltbXz78YOhwY+s1++0qVPc9PU9zN/zZ1n3P485j7584mT1FQUPrs3tolIswcPrFEeS6oPgTpiBGagSpiBKqLBKlUvjJoAa7UOvYfoCGI4WICACVh4jKbURL84TZqRLD4AOY/cOk244w+xSGX1wmvjwHESaAFVQg3AoTSAenyJZfYLEGvjTc2BO2nUQ5Dty6xCFJbvR6rMRQIpIDvCAtAjj54Ar8bVGuuYo6fL9+Jt+kqmdFLdfxN8/Ac9HpBGkDP/M53UHIFm8j3jbD1kd691DEKQLtyFXNuKv+ih2n8qNVWsCGprT3MEFf3aWpHMLfPtMYdtVkvIk7OUNSj19FJbtQu8ebwIUBJI4PStYtpfgS+66KiEKKoRIftdWVDAjzBgztgJ99ykyHCBCYmWS1grNwByiaW7qUDBIAoqeb6ypJI7MCCQgC2gAFpCNigoYudGjlPzvd27pFy1NYQEtEp0PAAAAAElFTkSuQmCC', 61030.49, '2024-08-27 10:00:04', '2024-06-07 06:28:11');
insert into `stepupdb`.`product` (id, shop_id, product_name, product_desc, product_image, price, created_at, updated_at) values (47, 17, 'Motorola', 'Motorola Moto E4', 'data:image/png;base64,iVBORw0KGgoAAAANSUhEUgAAABAAAAAQCAYAAAAf8/9hAAAABGdBTUEAAK/INwWK6QAAABl0RVh0U29mdHdhcmUAQWRvYmUgSW1hZ2VSZWFkeXHJZTwAAAJ7SURBVDjLjZNPSFRRFMZ/9/2Z90anRlKzMS1UjFyoWS3U2oVQ0KIWrXJRFC7KTdRCqUWQkBt34aKN1a5FEUkRLbKFiBAoVi4kUQIbtfwz0zjjezPv3ttCwyYr+jibs7g/vu+cc8XDwbE+pcT5TFa5fsB26fzWtsC1Gbh85vA1AEtp0X76WGWp67pCCJN/yVMggxxP30xfADYAGV85juOKR29X8VgmJaaoKvtK2E4SaMXK9zCT01EKdB0Wxdw4V4VUQvyEWtkADMPEEJA1Fqgq+YoT+kzSTxHIAMtxqK6MMTtTSFGoBKXyXVkACjAMga+/EbJXSawn8aVHNggIdBrHcUj7YYrDBhqdN5gtgBDoQOHLHF7gs57zyaoAqQCRQyuJZQi0zp+qAaD1BsCllFS6EI2NryR+IBEiRDoVIRIqxzQN0GJ7BK03IkTMvXxZWCTqzlNQaOCIgLWVAhYXYsSi1ViG2LYZS/8KsHdTHm5ibnyIokgcISW2V8q+mnYibgyp1O9nseVgarkDqRRSKQ7432ip3I8CZuYXebXWjZkoxFQRbj/wyHjezhfd87de3p3osbTWCODkxmEBYNYnyKSXceffU9LaQcP0GEuZKY7UHaViVy1Dk8/E6Mf4nebO8qLNVPnGZLgIv6SGZP1ZtGnzbvIthw42Ig1JY6wNKXI017cCXLVcWyRRuWhjWTMIsYnSPwuApeQitohwqu4SANdP3GfwQz/w3LVClnj8ZGimJSt1vdZ//gOJVCI6GR9hIj5MV9sAva8v4poOgCf03179oubO8p6KqujN1obj1O5p4tPCOCPvh5mbTfb9F2AT0gtcAXYAKaB/9F686wcCdBKN9UyNSAAAAABJRU5ErkJggg==', 226563.55, '2024-04-26 09:40:14', '2024-10-03 19:42:24');
insert into `stepupdb`.`product` (id, shop_id, product_name, product_desc, product_image, price, created_at, updated_at) values (48, 19, 'Asus', 'Asus Zenfone 2 Deluxe ZE551ML', 'data:image/png;base64,iVBORw0KGgoAAAANSUhEUgAAABAAAAAQCAQAAAC1+jfqAAAABGdBTUEAAK/INwWK6QAAABl0RVh0U29mdHdhcmUAQWRvYmUgSW1hZ2VSZWFkeXHJZTwAAAD0SURBVCjPfdExSwJxHMbx/yTc1NrUy+h1+AZ6GUJBaYdiKVwopjmYOASiINJgEVFwUFHo4BIiDtql/SPU5BDUQb8Nomh3J8/we4bP8MBPIOYpexdtPcvyyrO6ETxR5zGwAeiMeOfmxBE8MOKXKsWwA7hjSJceZbJhW1DC5BvJDy+kNRtwzYA2BgYSnUTEAgr0+aBJC0mbe85i/0AOkw4Gn8SH0Yo2CRGMrYEralyOq/SJzrRtBEJVvMoKyJCSyd3zZh2dUMZmZOotuYOIuAuYBKbqlgVcKPN7KhvccnRsAYv49/I0ODA9Lgfgcx1+7Vc8y8/+AURAMO9/VDEvAAAAAElFTkSuQmCC', 161225.12, '2025-01-26 03:36:46', '2025-01-04 21:14:36');
insert into `stepupdb`.`product` (id, shop_id, product_name, product_desc, product_image, price, created_at, updated_at) values (49, 9, 'Micromax', 'Micromax W900', 'data:image/png;base64,iVBORw0KGgoAAAANSUhEUgAAABAAAAAQCAYAAAAf8/9hAAAABGdBTUEAAK/INwWK6QAAABl0RVh0U29mdHdhcmUAQWRvYmUgSW1hZ2VSZWFkeXHJZTwAAAIhSURBVDjLY/j//z8DJZhhGBlgZ2fHnZWVVdra2vpu3rx5/2tqah7m5OSYA7EEkH0XJAaSA6kBqUUxwMjIiM3Hx6dr4sSJ/1+8ePH/7t27/w8ePPi/sbHxXnV19aGbN2/+AIkdOXLkP0gNSC1ID9wAQ0NDv+Li4g9Xr159FxERsc3b2/tPamrq/0mTJv2vrKz8D2KDxEByK1aseAhSC9KD7IKupqam75MnT0739/fnsre3/7x3797/586d+3/o0KH/a9eu/Z8xx+Jf6nzD/yA1ILUgPXADdHV1M9PT099PmzatJCgoaKejo+MvNze3/4GBgWAMYifMMPrfuDnqf/gMjf8gtSA9cAM0gcDX1/d6b2/v+1WrVr1dt27d//yltv9zF1n8T19g8j9pruH/mvWh/1ednvi/ZLX/f9c+iX+a2hpacAPU1NSYgc428PLyup+SkvIlOzv7e/Zi8/8bzk37v/bsFLDGFacn/J+wp+T/wuNd/zOWuv03bWf/rdvMyIgzfpOB/gVp7tuV/79zR/b/1m1p/xs2J/5v2pr+f8ah5v8xC2z+q9Yz/MRpQPRszf8rT034v/RE7/+Fx7r+zzvaATQk6//0Q03/05Z6/FesZbguXcnAidOAwOmKfz0nSv917hf9a93N/zduvtX/aQcb/ictdvsvX8twUbKSgZ2kpKzdzPg6fqHzf/lqhjNAzWwk5wWgk1/LVTP/F61kYEEWBwAP7or0z//OfQAAAABJRU5ErkJggg==', 155083.92, '2024-11-06 18:29:00', '2024-06-02 17:57:07');
insert into `stepupdb`.`product` (id, shop_id, product_name, product_desc, product_image, price, created_at, updated_at) values (50, 8, 'Huawei', 'Huawei MediaPad M2 7.0', 'data:image/png;base64,iVBORw0KGgoAAAANSUhEUgAAABAAAAAQCAYAAAAf8/9hAAAABGdBTUEAAK/INwWK6QAAABl0RVh0U29mdHdhcmUAQWRvYmUgSW1hZ2VSZWFkeXHJZTwAAAIfSURBVDjLjZNNSJRRFIafcRJSnGEszTQddQZUJCGTCiGjXLkaiIKgTUhECK6K1oGroE20adEmQnfVIqEYhKRgyiwlFBkcqVzYHzNiVo7f982957QQpxk08cDhcA+c57735R5Uld3kt+5u3a5fwi5jtL9/275PVfOHZDKp1lqMMWxWYwzpdJpEIkFdXR3RaJRYLObbnNlTSMvlckQiEQAKwapKb28vqko8Hi9SUAQwxgAwPr/xMqtgBUQFa6Gv3eC67v8Bnuehqhw9uLKtkRDaHWBiqRJRwciGgko7Tb0dI9hxBcdxdgYAHKvN/LvZOujSY0LhHrJf4jsrcF0XVeXl4j6sKkagMTdKZ/g4wdpO0uM3KfOFiwBF/2DV/kRVOdmQ5lRDmjM1szS4zwhUhbC/nnKg/SLR4Cdmh/tKtwBuTAw0zYXeo6qICCPDwyy8uU9161lwppl8OEJFaJ0afwbjeLEtABFpLin1k1ydRVWpDfymrfkQgcos4n4GFeyfdzSfvs6a692ZvNsdyAOuJa4Gsb4X+0urGFt6jtgcLRUfCYWPINkZVNbpOteKeF/ZuzdFuONC/XfP3MoDrLEDrufpQnqeteUsM2/v0dTWQ3kgg5pl8PmZepICBHFSVLc0UuZ4l18NHW73qSqDg4NaaOb5yAwnLj3AX7KImhVAi3z3l7XyY+4DqdGhR0XLtBmvb3dl1Eq5iqIiBan5igiqOvUX9fhxNiezxvQAAAAASUVORK5CYII=', 205285.08, '2025-01-03 15:52:30', '2024-12-11 07:31:07');
insert into `stepupdb`.`product` (id, shop_id, product_name, product_desc, product_image, price, created_at, updated_at) values (51, 20, 'Samsung', 'Samsung Galaxy Express Prime', 'data:image/png;base64,iVBORw0KGgoAAAANSUhEUgAAABAAAAAQCAYAAAAf8/9hAAAABGdBTUEAAK/INwWK6QAAABl0RVh0U29mdHdhcmUAQWRvYmUgSW1hZ2VSZWFkeXHJZTwAAAKMSURBVDjLjZNtSBNxAIcHQt+rL9GnlU2FIigo+lJRQTYGoaFRDd/Y1IL81JhzvVqaiEQZEmn2omtIZdr5Nh2lc04v3ZbOLRVS3NR8g9nci7ebk193Z16uQXjwfPw999z/7gQABIODg+eMZXJ0qsTQZyVAIBAc3SJCdnzQYrH4B0gTrGQ32jPiEQ6HtwQnUalU2wiCyOwoyUVvVS7a0+NBUVQEgUAAfr+fx+v1YnV1dV0QWWCAThoXJdiQbODz+RAKhSILdA9yYarMge5yHILBIIda64JK40I+g7LWCeUbJxQMbAUv4Av61gtaL8aBpmkOdqwxLKKWoaZrES0dDRjTXsIPohhDL8+iMk94jy9ovZ+DnmfZaEkVcXaWzXd9UVeNuc58eIZbAN9P/BquR09pojuqoOmCiDsgVrDxKMtTBJZGCkFPN2HOUIYVewPCThNsr7LpvwV3s2GskKMpeR8/vvHaifK37+B23MbaigkrE9fhHsjDqEYGR81VSE+LUiIL+gwgzsdyAvYMPNN6LNkLsEaRCIxngJqSwjuihqsmCUOmNsTExBzjC5pvydH9VIZGSSw3nh7+iDlz/p9xOijXFSw7bmKiSgLLlw+Yn5+PfgsWpqBBvBczdgKjeiWTbQQ1KUNwKg0epmT8uRgWYztmZ2ejv8TmAhm6HmehLkWI721q2HRPMNOfisCkFO4hFcark5ixjhuzh8wL/i14X3oG8DoxVpWCTvVu9DJ37X2UCMdXPRYWFrD54gsUCsUereQAGtOOoEi+HzRZAbq/HP3Fp1B/TQRrdzPsdjtsNhvMZjOsVitIklwXsCKWTNGOk3cO7SpMPb499DAjIfy5RBz+VHTim+TwzuT//c6/ASolxdSxQ5KqAAAAAElFTkSuQmCC', 141727.57, '2024-11-25 08:26:34', '2024-12-03 00:20:56');
insert into `stepupdb`.`product` (id, shop_id, product_name, product_desc, product_image, price, created_at, updated_at) values (52, 13, 'Samsung', 'Samsung Galaxy Tab S4 10.5', 'data:image/png;base64,iVBORw0KGgoAAAANSUhEUgAAABAAAAAQCAYAAAAf8/9hAAAABGdBTUEAAK/INwWK6QAAABl0RVh0U29mdHdhcmUAQWRvYmUgSW1hZ2VSZWFkeXHJZTwAAAJtSURBVDjLjdNNSJRBHMfx7zzP7uKTGtLqSoeCCEKigiBQI0qkpEuHTp4svXjyYp2COhedDTok9g577aAlhtUhPBi+RLVlaBhr69uumuvus8/M/DusbikdnNvAzPDhP7+fEhHGx8cv/h66N6CXk+j5GVr6EvXsbi2osbGxE8aY9zbIl7sYFu93cr73065uh0Kh+lA8Hk80NjZ2lX3u76uIAgJBEGw7aK1FRLbtPc8DYIdAs9DTSdODCbqfTxMWIZfP4UU8rBEwYA1YbdGBsDa9vlISRCb7+ypjAhaUUoSAu211hFznv/z0aoGuG6OEWltb64wxPbamDVdpVl+/QSkFRgi7DjcffmU1bzga85iay1EZdqmqcJmY3gDAicfjiWQy2bU49JiNsWeICEopxAoC5H0hIooDtR6ZrKWmKkTeN0hhc5B/BVdwlSYzVBTI5hzLgKwvjEysEBQsc/M+6Yyh4Vg5796u/yN49Yjsh6cggohgChaAwBd+bRiW0gFVSjE1Z3CU0HK6dqfgKi6azOAwABIICGRzFscXLpyJMpFYY81Yzp7aS7Qqsn0G8/0PWR99gjUUBQE4LpiC5VA0zKWm/QhQKZrmhhiuo3YK2nHQLA8Mo5QiyFuW0j53uutAIJfXXG8/XPrGxbRffGArB87Ii76KmAWzmbbAcu32R3LrObwyD2tBrEUExArWKtS2JBby5Q6aH7c6uDz4HWstxhi01vi+TyqVorq6mlgsVlIopYpd0FofP/nl5fSefR4iMDMzg9YarXWpB47jkEqlmJ2dxXEcCoViENRWSTqORM8drIg0J7PBz95vy5O7rfMfwdWGR/X6rdQAAAAASUVORK5CYII=', 20819.06, '2024-06-09 17:59:43', '2024-09-26 06:22:30');
insert into `stepupdb`.`product` (id, shop_id, product_name, product_desc, product_image, price, created_at, updated_at) values (53, 6, 'BLU', 'BLU Energy Diamond Mini', 'data:image/png;base64,iVBORw0KGgoAAAANSUhEUgAAABAAAAAQCAYAAAAf8/9hAAAABGdBTUEAAK/INwWK6QAAABl0RVh0U29mdHdhcmUAQWRvYmUgSW1hZ2VSZWFkeXHJZTwAAAFhSURBVDjLpZMxbtZAEIW/N/bP7w4aSiQuQEODEFdIAVI6KFJwgeQenAEBFQVU1CBOkAsgroDSRMof77wUa68tK5GQstqVd1fz3rw345Vt7jN6gM8/zj9k6u3lIYer8ZaoTY5dD8OOj+9fPz/tAdJ6d/TqyeNhGCR1eMIkAMIGez6bMl7z/eefE6ASXF7lfr8f9OX3P0oxY2b9lmQspkznkibTnB0/paQEEACHESI6hKhTTa7mrepegsxNDWhyadAaLIQJCQssiAA3kxuCBpKRRMhkCBlCVW8a1p1rBPYCXjKKTrNRkOvCuougkkTULA4tHRQ4IVb1aQSeCJbMJlZgTdlTqsRwt4LqddUFJms2YWPfpsBugRFTRWffEkojs4CnH6sRaLoNQbImEWlXZV7L3xRx2OmCvH745sUj0Ozd89wMMY4H+k5uBA96ff326+/LQ/Gz/3mcfQe74FNt7T2f8w1Fi68/h3owMgAAAABJRU5ErkJggg==', 79742.64, '2024-12-01 11:49:53', '2024-07-26 07:48:36');
insert into `stepupdb`.`product` (id, shop_id, product_name, product_desc, product_image, price, created_at, updated_at) values (54, 17, 'Acer', 'Acer Iconia Tab A1-810', 'data:image/png;base64,iVBORw0KGgoAAAANSUhEUgAAABAAAAAQCAYAAAAf8/9hAAAABGdBTUEAAK/INwWK6QAAABl0RVh0U29mdHdhcmUAQWRvYmUgSW1hZ2VSZWFkeXHJZTwAAAHtSURBVDjLpZNfSFNhGMYXZ110E1QYFRR6Yd0kIhgE3ozlIII1oQvzwjAUtD8jSFILoigISqrVCAy2u6y5aAQpuJH9cUabK06GSEOnHCcrzAzsrJ3Z3K9zDjGMhhzog+fm4f093/e97/eZANP/yHDhXKhyw6TfMT/qrluJuA7z0Vs5M/1g33bDAXFfHZ96T5KRoijJGKP3rAxfqQoY3R15/BGK9IZs8p2uzOQQUZdjxRCsfAujzPpIBE4ji726tICY+0jGEJyTn5GOt/FDPMMHbwOJx+1E7zhYs4l/wVNNyBO1LC/eItXfSPx2DWtOwShcNOCla49h+J+A4PXdLKVeFIXFcxW8sm+UnlvN+aBNmFXVVQjoaS4t1WAp9pRIX2tReKx9fzYzcJP8xCBp31lipypyoQNmpx7gdu5iSYqw/HmMgYvVhO9XMTXiRPQc4u3VaoK1QuKnCnPXDp2b4FoZX29YNH+6EJBVX9eC/zhfeiwMt5bgb9pKf8de/c7asfPvA6xe3y9tQ/P1gAbrZsY9jaTFhyyIfbzuPliA9d7YhKTsbQYVUjpMLKqS2gRUf04vOGrZwjFrCZ4T5ToY6q55srq54fodl6Mt5b9SnWXMn19PomUdQ3ZzbtAmXDD8mUbqd3apO878mUJSgzX/N4hT3VGIyxnZAAAAAElFTkSuQmCC', 113485.57, '2025-03-05 17:44:19', '2024-12-09 00:33:20');
insert into `stepupdb`.`product` (id, shop_id, product_name, product_desc, product_image, price, created_at, updated_at) values (55, 6, 'BLU', 'BLU Vivo 4.8 HD', 'data:image/png;base64,iVBORw0KGgoAAAANSUhEUgAAABAAAAAQCAYAAAAf8/9hAAAABGdBTUEAAK/INwWK6QAAABl0RVh0U29mdHdhcmUAQWRvYmUgSW1hZ2VSZWFkeXHJZTwAAAJISURBVDjLpZLLS5RxFIaf7/NCZqiZYYW1sEbTKWsTDUS0sFpF/0K7aBftulCbTIQWQi1r0aK/IKhFIBUodlNKKtBIy2qsKUPLacbvdy4tRmuhSdDZHDhw3nOelzdyd/6nypcbXnx25oWZplXNVfXOpUzvkb8JxEuXT9djpFvXtJKqSUWimlnpgyUC53f3fEskyQcP5JM8IjKykkDk7nQ9P+tmiqqhpe5ta7dHYsLzqZFZEVVVjUWE60dvrl3igZrSUp3C3DB3HIvUDHdoX99eq664G4/Hh5Y3UVVRN8yN7NwkM8UZxAVzJ47KMHO21qYQkeURzj085apKTUUtjdWNvJoeQV1LOF7Cqsy9ZT4pMB1vQkQRUW4fvxvFAJcyvVHPvitRbi6HmhIsEFQQE4IJwYVCmKepoY2Kwhsy6T2IytIciCjqiqhS+fktZglugoqwsb6Ftg17+VHMc2/wGlq27Y/Ayb7jLqLUrapDzQgeiC3hUPrYbwTDyc6+Z2fTPuaSAkOTD+joimvLFy+nG9tQnInv47TXd/Dywyjqxrvp1wQTxAJBA9/nf7B7837mwk8eTfRPlwMEEQTlWW6YHQ27GP80QVGKiAqNNVuQBTOnZiepX7OB4fcDDLzp/5IIh0sfBEHNSK/rQNTIfp3Cpeg3Bi+TWBIVJWFrQ5pM82GevOunb+zup0TozHb7qwUE4cnYU0QVEUFEi7dOjFcBHLx6QCtQhj88jKO4ivtjfR8TozPb7aO/c/Av1XwhyquVrS6YNue6fWJx/gvSRpXk80tR+AAAAABJRU5ErkJggg==', 220305.34, '2024-06-10 21:52:56', '2024-12-14 23:25:09');
insert into `stepupdb`.`product` (id, shop_id, product_name, product_desc, product_image, price, created_at, updated_at) values (56, 19, 'Motorola', 'Motorola RIZR Z8', 'data:image/png;base64,iVBORw0KGgoAAAANSUhEUgAAABAAAAAQCAYAAAAf8/9hAAAABGdBTUEAAK/INwWK6QAAABl0RVh0U29mdHdhcmUAQWRvYmUgSW1hZ2VSZWFkeXHJZTwAAAJ/SURBVDjLY/j//z8DJZgsTV+9fAu+uHo8+GzvXECWAV+c3R//mTn9/ydLu4eka3ZyY/ts63T3k4Xt+4/GlqS74JONY+9Hc5tdH4wsmAmGgWv9xQKX2nMPnapOF4A1WzsEfjSzefLB0FwUHoi/szPX/05P/f0rOWk9ugHONWefzNl44X/B/L3/o7LXnn1h4fitN6i22Tx7W5tpxqYHxmnrChh+p6X+/rd10/+fsbF/f0REmiE0n7F3rDz5wb7s6Bu3gt3Vz80db69zTd1mlr11tUnGxt89Cw/8N0ha9YDhZ2LC+p8xMb9/hEdc+h4Ucu+br//JFXFNi5zKjz20KztiDzIMGFgzP+iZboQZbpSypsAgaeUjvfilqIEI9C9bV1LfvnnRaT96Ghr/zZs3739Xccn/S9aO3+cEh6nV1NTcBYm1tra+y8rKKrWzs+NG9q+EY8XR4+7RFdcmTpz4/8WLF//v3r37/+DBg//7S8v+V1dXH7p58+YPkNiRI0f+g9T4+Ph0MbjWXSgA+vc50L9vLEJq5hcXF384d/ny/4iIiG0+3t7/UlNT/0+aNOl/ZWXlfxDb29v7D0gOZAhILYNT9ZkHk9dc/A/070sjI6Oupqam7yAD/P39uezt7T/v3bv3/7lz5/4fOnTo/9q1a/+DxEByIANAahkcKo4X2JUefmBTtL9AV1c3Mz09/T3IgKCgoJ2Ojo6/3Nzc/gcGBoIxiA0SA8mBDACpRQlETSDw9fW93tvb+37VqlVv161b93/69On/CwsL/1dUVIDZIDGQHEgNSC2KAWpqasxAJxp4eXndT0lJ+ZKdnf0diH+Gh4fHAbEzkP0JJAaSA6kBqQUAGVqFjOjvxXwAAAAASUVORK5CYII=', 56240.68, '2025-02-21 06:43:35', '2025-01-29 23:11:20');
insert into `stepupdb`.`product` (id, shop_id, product_name, product_desc, product_image, price, created_at, updated_at) values (57, 20, 'LG', 'LG GS500 Cookie Plus', 'data:image/png;base64,iVBORw0KGgoAAAANSUhEUgAAABAAAAAQCAYAAAAf8/9hAAAABGdBTUEAAK/INwWK6QAAABl0RVh0U29mdHdhcmUAQWRvYmUgSW1hZ2VSZWFkeXHJZTwAAAFzSURBVDjLY/j//z8DPlxYWFgAxA9ANDZ5BiIMeASlH5BswPz58+uampo2kuUCkGYgPg/EQvgsweZk5rlz5zYSoxnDAKBmprq6umONjY1vsmdeamvd9Pzc1N2vv/Zse/k0a/6jZWGT7hWGTLhrEdR7hwOrAfPmzWtob29/XlRc9qdjw8P76fMeTU2c9WBi5LQH7UB6ftS0B9MDe+7k+XfeCvRpu6Xr1XJTEMPP2TMvlkzZ8fhn9JSb+ujO9e+6ZebbcSvMu/Wmm2fzDSv3hmuGsHh+BAptkJ9Llj3e2LDu2SVcfvZqucHm0XhD163+mplLzVVtjHgGar7asO75bUKB51R9Vdih4ooqRkprXPfsXsfm558JGQDCtqWXmDAEi5Y+PjNhx4v/QL8aE2MIhkD8zAcbJ+189d+z5UYOWQZ4t9xsnLjj5f/A3ltLyDIAGDXe7Zue/89b/OiZY8UVNpINAEaNUOWqp38qVj3+DwykQEIGAABS5b0Ghvs3EQAAAABJRU5ErkJggg==', 157418.31, '2024-08-29 00:59:20', '2024-03-26 22:16:28');
insert into `stepupdb`.`product` (id, shop_id, product_name, product_desc, product_image, price, created_at, updated_at) values (58, 20, 'Infinix', 'Infinix Hot 7', 'data:image/png;base64,iVBORw0KGgoAAAANSUhEUgAAABAAAAAQCAYAAAAf8/9hAAAABGdBTUEAAK/INwWK6QAAABl0RVh0U29mdHdhcmUAQWRvYmUgSW1hZ2VSZWFkeXHJZTwAAAJZSURBVDjLjZNNaBNREMf/25Q1Lqmk2NYamo+amI+mREOhFhRS0CKKN8FT8NSeiiBIDiJYk4MXEcGTwVtI48FQouLNix48RCoh4GETqAmioTFG0qT52HT3ObtgqiGHPBgGdmd+M2/m/zjGGPpPLBazyLL8XpIkW7fbRavV+tZoNFbC4bDYHzuKAafT6TyZmZmxCYIAFVAoFMz5fP4x/brWHzsyCFCv16fT6TQymYwG0Ov1qNVqlkGxAwEUjI2NDa5UKmmAdrut2dAAnuc1z3GcBvgLGRpAM0AoFGJGoxE0SM3Ub0MDaOLwer2gQSKbzeKEoYIHa1P2nXfBqaEA1C5TK4qiCL/UwOLxInznbgiGgi6N27dWB64xkUjYyImKovBk2v3NZjOW2E8I7ss4dtKPnYmktdIsPX8YDJri8Xik14GaTIISXS4XTztHuVxGNBrF1otnqBt3MTZhhLz3GpO+m4C7C+dpezgQCNzvdUAVRY/Hw7vdbphMJgSDQVJfEwfFBKZP+elOn5HefIWltbuQxvdx3jqOl8lqmFIjGoCkypN0kUqlVBFpKzOw77h05gjGxptU/SvAFMiNT5hdvoO9t0/B5PbhENUEdWjValUDNOo12PU5GC1noTSzlNvCwnUXFOkHqTIHm+8qVuZ0hwDqQAM4HA44nU4sziqwzy9DGKuAHfwiRemwvZVTLwulncOk04qLrlF8iMzPceprXF9fZ8VisSeae1c6uLC6Cd1IgQC/KZH9t3ndURd2v2SQexNJcoOe88dHCxUmKwJTGLWv/GOs56F6xrb/AFceRXFTtLBJAAAAAElFTkSuQmCC', 153581.33, '2024-07-05 05:45:41', '2024-06-18 19:30:58');
insert into `stepupdb`.`product` (id, shop_id, product_name, product_desc, product_image, price, created_at, updated_at) values (59, 20, 'Archos', 'Archos Diamond Gamma', 'data:image/png;base64,iVBORw0KGgoAAAANSUhEUgAAABAAAAAQCAYAAAAf8/9hAAAABGdBTUEAAK/INwWK6QAAABl0RVh0U29mdHdhcmUAQWRvYmUgSW1hZ2VSZWFkeXHJZTwAAAFhSURBVDjLjVJRSsNAEJ3WpkKgIA2hVIL/fngJv/3rNbyD4BU8QD57AOkBjOQCPUHIX2m1YAtCku64b5NZtnSrThhmNzvz5s1jesxMsDzPX5RSj7jrSBIPh4ONzvlpNps9m0IkwrMsW+73e/7L1us1z+fzd6kbUGdAhr0uv0hpUowPUTteWP9EvL9happGyo4BaoUyouurARDMmZ1YfFama13XpwCYD5mK2RZR192AGU1a2l4GLQAfdbSRW2aqO59lcNHXUSeVH1U7N7dFwkoAqqryA0CHh9tL20GUJuqZ+3A4pO322z+CW4QOq9WKNpuNuUdRRHEcUxAErdjnRpClQnFZlpbBbrcz76PR6ESDvo+BdE6SxDjOeoHsu3cE/BQGoCnu6uOO6NVAAMbjMem1pqIo7BjQ4VcGLsBkMjFdXRGn0+n/AMIwNA4QnyHHLJ1Hg7c0Te+ALo5Eia5rPRZS9wNIBbXTpSVpqgAAAABJRU5ErkJggg==', 206747.42, '2024-12-04 16:21:45', '2024-03-25 21:50:18');
insert into `stepupdb`.`product` (id, shop_id, product_name, product_desc, product_image, price, created_at, updated_at) values (60, 6, 'Micromax', 'Micromax GC400', 'data:image/png;base64,iVBORw0KGgoAAAANSUhEUgAAABAAAAAQCAYAAAAf8/9hAAAABGdBTUEAAK/INwWK6QAAABl0RVh0U29mdHdhcmUAQWRvYmUgSW1hZ2VSZWFkeXHJZTwAAAJ/SURBVDjLY/j//z8DJZgsTV+9fAu+uHo8+GzvXECWAV+c3R//mTn9/ydLu4eka3ZyY/ts63T3k4Xt+4/GlqS74JONY+9Hc5tdH4wsmAmGgWv9xQKX2nMPnapOF4A1WzsEfjSzefLB0FwUHoi/szPX/05P/f0rOWk9ugHONWefzNl44X/B/L3/o7LXnn1h4fitN6i22Tx7W5tpxqYHxmnrChh+p6X+/rd10/+fsbF/f0REmiE0n7F3rDz5wb7s6Bu3gt3Vz80db69zTd1mlr11tUnGxt89Cw/8N0ha9YDhZ2LC+p8xMb9/hEdc+h4Ucu+br//JFXFNi5zKjz20KztiDzIMGFgzP+iZboQZbpSypsAgaeUjvfilqIEI9C9bV1LfvnnRaT96Ghr/zZs3739Xccn/S9aO3+cEh6nV1NTcBYm1tra+y8rKKrWzs+NG9q+EY8XR4+7RFdcmTpz4/8WLF//v3r37/+DBg//7S8v+V1dXH7p58+YPkNiRI0f+g9T4+Ph0MbjWXSgA+vc50L9vLEJq5hcXF384d/ny/4iIiG0+3t7/UlNT/0+aNOl/ZWXlfxDb29v7D0gOZAhILYNT9ZkHk9dc/A/070sjI6Oupqam7yAD/P39uezt7T/v3bv3/7lz5/4fOnTo/9q1a/+DxEByIANAahkcKo4X2JUefmBTtL9AV1c3Mz09/T3IgKCgoJ2Ojo6/3Nzc/gcGBoIxiA0SA8mBDACpRQlETSDw9fW93tvb+37VqlVv161b93/69On/CwsL/1dUVIDZIDGQHEgNSC2KAWpqasxAJxp4eXndT0lJ+ZKdnf0diH+Gh4fHAbEzkP0JJAaSA6kBqQUAGVqFjOjvxXwAAAAASUVORK5CYII=', 185289.01, '2025-03-14 15:47:37', '2024-09-22 20:28:26');
insert into `stepupdb`.`product` (id, shop_id, product_name, product_desc, product_image, price, created_at, updated_at) values (61, 9, 'Unnecto', 'Unnecto Air 5.0', 'data:image/png;base64,iVBORw0KGgoAAAANSUhEUgAAABAAAAAQCAYAAAAf8/9hAAAABGdBTUEAAK/INwWK6QAAABl0RVh0U29mdHdhcmUAQWRvYmUgSW1hZ2VSZWFkeXHJZTwAAAIJSURBVDjLpZM9SJVRGMd/532vetOswQgjSoW2gj4Gh4ZoiIKGwGi4EtQQ0VxLQhAOEW2NzUVLOQRBBioUakGT5CBiGhZe8aameLv3nPc9H0/DvX7hHQSf4ZzDgf/v/3/O4VEiwl4qYo+VWT/I7EdxxSVEUsRZxFvEpYhLEJ+ANXhnEKfBGg5ef6W2A7yj7lRuh4MIKKgugMBKX/fOBMlqnn0iSNCVCwUiAVAImwQVNSBW12jBOUK6gCt+g5Agklb2kEIwSDBI0NQf6iLYcg2ATwCHBANiq6KtYoOEMohD0hoJ3L/lSuRtzpoQTBWiIeiKiSvtBARvMD9GcMk0+BTE4c0a2bbDFedgEK9BQu038HoZt5Zn/5mbQCCkvyiOvUF8GaRMYXiawvAk5fm3RI2K7/2ZnssD7tkGQIlg/4yzMjTKgfN3UUoRxG6IS1OWs7mHNHScRI8PMDEy+GTwUl0p2vrfzZ23sauLrA4/r4oN4g1zQ2OcuHiD7Mxn1MtuGn++o72tJRYl9zcS4Awqjmg6dwc90U/x63viltNkWy9gl/rItnbA1QebvfceIQ6qXa0P0+LraxJsgjiDWI3TBSAiUoqpT3N0dt2i6fcHEr1AGSiuxUzOkFe7mcbR3NHe+uamR8daXCYTzVFcdMwWYm+NPFa7HecvueM9pb/z92Kv2nwseYEXVwbc0/9TqFA0aM0H7QAAAABJRU5ErkJggg==', 139149.13, '2024-06-17 17:03:20', '2024-11-13 15:24:53');
insert into `stepupdb`.`product` (id, shop_id, product_name, product_desc, product_image, price, created_at, updated_at) values (62, 11, 'Oppo', 'Oppo A3s', 'data:image/png;base64,iVBORw0KGgoAAAANSUhEUgAAABAAAAAQCAYAAAAf8/9hAAAABGdBTUEAAK/INwWK6QAAABl0RVh0U29mdHdhcmUAQWRvYmUgSW1hZ2VSZWFkeXHJZTwAAAGSSURBVDjLlZO7S8NQGMVb/weRgoI4iIuCVuoiuBfBwUFwaosPqJODk5OLBVutSlMsuDg4OVWkYO3o4Cha/BNS+qLP9K3HnEtT07f94HATcs8v33eSawBgUGtSlVmVZYimVY3Ro8nQBJgrlUq2Xq9/NxoN9JL6HD6f76oTogEsNBeLRSiK0lIul0Mmk0E8HheQWCwGSZLaICwjAdxQLpdRrVbFShUKBWSzWSQSCQEolUrgSwKBgIB0AWjWRAAN+XweyWSya6RmJsY2gDpGawOvObc2SiqVEp3Istwf0Ck9hJ0wj3Q6/X+AHsJxmAlBIwGoWq0mciGEGhnALkJvDzgK2LB3sQH7mRWrjtmbgQCaNAVf73HyYMdTVMK7HIb3xYkt7zxWDkyeoQC273BbEfy8RPDrGixPZBfeyD4B5aFfgVo/XkQoegt9PX5IBEAP+OmXwdrhDNxhB1xhmzC7nm1/HTR/x2U1ZUXd3PMw+YOn2PTM4Ty8I97MlfcigyZgipBBR3lhe/zO4jQpbJvrkn3CT+8vh7avwsYhJlIAAAAASUVORK5CYII=', 52651.79, '2024-12-21 00:58:03', '2024-05-09 08:11:37');
insert into `stepupdb`.`product` (id, shop_id, product_name, product_desc, product_image, price, created_at, updated_at) values (63, 1, 'BlackBerry', 'BlackBerry 4G LTE Playbook', 'data:image/png;base64,iVBORw0KGgoAAAANSUhEUgAAABAAAAAQCAYAAAAf8/9hAAAABGdBTUEAAK/INwWK6QAAABl0RVh0U29mdHdhcmUAQWRvYmUgSW1hZ2VSZWFkeXHJZTwAAAMsSURBVDjLXZNrSBRhFIaHIIIyu1q/+hdYJBVhJUmE0EWiC0U/ukM/KroRllGR1S4UWVnZTdJMS2ujrbZSK7ruNK5rm+m6bV7WNbfc1F3d2d3ZcUxH7e18k1k08AyHb87zHuYwwwHgOp9yQwgd4SA+EMPY+b/Q2cSB5zYi9s85FzJxQ4kznRUbvqsBM6SKjX5b0XJL6muVJ8QB+PdFq4SIfUegqzZNpH4bMUkL8N/ljki2TS09vqfoKN8S+micJ6dbArhS4ceN6jYNVp8XmlBtnKWEnXpFrt7fTl4lMZTz3uSORhxpoq90S8h6e17vpfJm3HO0wiB8RZapBpfu1+DmmyYY7N+R986MuqIl/V3e+32+x1Nd5MZyX7K5+fU5w11ludOVM+Ym3LU1w2T2oNErISDJ6JA64WqWUPiyEXmlHtx7kgGHIaG7Nie6itxYbRGpN4rPHnzoRI7FAyNNY1cwHEZDSxt+UM2QfwLXShqRxbtxzChgZ771pLYDdtuQXckfeODEtecu1NJkpfcnZEXB1bx8+Cko0t2Nhy/eQmgI45TxE1gvcwYD1mQKYoqhCqfvOODvUhHs7kcPPTis0+O26QkOHtfjpdUGZ1jFviwbWC9zBgNWnHoubsu1QZdvR7OsUkg/vOEITmSc02TB/gkdvcDHgIo9meVgvcwZDEg+9oBfe8EMfWEl3rnDaKWX9kZUPOPL0CRK8PUBHgV49DmEfdnvwXqZMxiQdOCWbqnuMfZetyLd6EIHLSyoApF+guoQBUjr1kOeMAFSTAyCRGD8eLSNG+fRAhL3ZMUTNYuPFiMlW8BpYz3snhBk2oesqHBQzURl9Wp0rlwJadkyhJKT8XXs2L/f+pytGdt3pBcqCw89wuaMV0i5LCD1ogUpF0qxO9OsTWSiOHMm2uPi0J6UhLrRo/8GWK3WJKfTiTdmoS9xVy5m7zZg7l6TBqu9NE1ctAhtU6agZfJktCYmoio6+rdcUlISQ8hutxtFxcXijPVp+ri1R3hCHIBvGDMGvgULNNGbkIBv8fEoi4r6HVBQUBBF1BM9xLT/f2WGc9SoOjaxYuRITbQQ/IgRwV81l9Ohf930iQAAAABJRU5ErkJggg==', 158096.1, '2024-07-03 13:35:38', '2024-09-12 18:23:14');
insert into `stepupdb`.`product` (id, shop_id, product_name, product_desc, product_image, price, created_at, updated_at) values (64, 6, 'Ulefone', 'Ulefone Armor 7E', 'data:image/png;base64,iVBORw0KGgoAAAANSUhEUgAAABAAAAAQCAYAAAAf8/9hAAAABGdBTUEAAK/INwWK6QAAABl0RVh0U29mdHdhcmUAQWRvYmUgSW1hZ2VSZWFkeXHJZTwAAAFySURBVBgZpcE7a1RBGMfh3xwnRziwBlOoBEG28FYriMSU9oKkTop8AcFWEKystRDEL2BnIVbapdVC8EbAYCEokgsL2T05M+/fd9CFRTcYyfMESRxGxK08fHMLOANcAy6BhAiYqKpAFcDMsMz2TNT6+dPHLmPi9s0LAUksP3j9WP/p/tN3ckR+WcQ9WdtkTOxvdWGOD1+2W1ykMJ3it7MnjlKEwFQfv7UUw1FX4yJOUoMT8Ol7y0Eo54CLOJkibnVhjoOybBQRJ1PALd19ycgMEzy/d53PX3eYpj8/iyxTVDiZUfwYdly5eJLNYWKs19T0mppeU9NrasaUMkWFk4liMMp0ErttYlKXRZfFJLNEUeGCGUXbdgy7TB51/IvSHkXECTEm8ZeZI4E/SYki4iyZgIB7sbbBpMHuHtPIJFzEZbMNoP/20Q0m9edn2Y+kLVykyPZs6c6rc5KuYnbcLIEMWUaWQBmZIQmQwAZQvccFSRzGT6Th9AjEKBwhAAAAAElFTkSuQmCC', 97800.99, '2025-02-12 16:55:48', '2025-01-22 03:24:47');
insert into `stepupdb`.`product` (id, shop_id, product_name, product_desc, product_image, price, created_at, updated_at) values (65, 13, 'ZTE', 'ZTE PF 100', 'data:image/png;base64,iVBORw0KGgoAAAANSUhEUgAAABAAAAAQCAYAAAAf8/9hAAAABGdBTUEAAK/INwWK6QAAABl0RVh0U29mdHdhcmUAQWRvYmUgSW1hZ2VSZWFkeXHJZTwAAAH5SURBVDjLpZK/a5NhEMe/748kRqypmqQQgz/oUPUPECpCoEVwyNStIA6COFR33boIjg6mg4uL0k0EO1RFISKImkHQxlbQRAsx0dgKJm/e53nunnOwViR5leJnuZs+973jHBHB/+D/ah7X2LXWloilyMw5YgtD3CDiBWN4Zno8bQcJHBFBucauZfsolZDCru0OfFcAAUISrLZDfPzSKxuiibOT+T6JCwDMtrQzYQvZHQ5Cw2h3GK0OI9AWBzJJZFOxgtJUGpTABQAiLu5OOviuGIEWkBUwC7pasNZj7N2ThNJUjBQY4pznAoEWsBWwxU+JFXSVRTzmQWvKRR5RG4KVGMgKrAVYflexAAugDCEygdbUCI2F7zobk7FZY76DIDQgrT9HCwwt1FsBhhIu4p4D3kiS8B0MJz28ftfGSPfl8MPLxbGBAqVpptbslJc+fEPMA7JDPrIpH3FX8LzaROdrE5O51jalgid3Lh4b6/sDALh6971riErGcFET58gwDPGndG9JT6ReHcwfPorGygu8rdxvGxMeP3XtzcofgigWZ0/EtQ7n0/sOTe0/Mo7V5WeoVu61z1yvZzZX+BsnZx9opYLpevXp7eXKIrL5UWit0n0r/Isb50bjRGreiyWmgs76lfM31y5tSQAAc6czHjONXLi13thygih+AEq4N6GqMsuhAAAAAElFTkSuQmCC', 231491.57, '2024-08-08 20:37:40', '2024-04-11 23:47:51');
insert into `stepupdb`.`product` (id, shop_id, product_name, product_desc, product_image, price, created_at, updated_at) values (66, 1, 'Asus', 'Asus Memo Pad 8 ME180A', 'data:image/png;base64,iVBORw0KGgoAAAANSUhEUgAAABAAAAAQCAYAAAAf8/9hAAAABGdBTUEAAK/INwWK6QAAABl0RVh0U29mdHdhcmUAQWRvYmUgSW1hZ2VSZWFkeXHJZTwAAAGSSURBVDjLlZO7S8NQGMVb/weRgoI4iIuCVuoiuBfBwUFwaosPqJODk5OLBVutSlMsuDg4OVWkYO3o4Cha/BNS+qLP9K3HnEtT07f94HATcs8v33eSawBgUGtSlVmVZYimVY3Ro8nQBJgrlUq2Xq9/NxoN9JL6HD6f76oTogEsNBeLRSiK0lIul0Mmk0E8HheQWCwGSZLaICwjAdxQLpdRrVbFShUKBWSzWSQSCQEolUrgSwKBgIB0AWjWRAAN+XweyWSya6RmJsY2gDpGawOvObc2SiqVEp3Istwf0Ck9hJ0wj3Q6/X+AHsJxmAlBIwGoWq0mciGEGhnALkJvDzgK2LB3sQH7mRWrjtmbgQCaNAVf73HyYMdTVMK7HIb3xYkt7zxWDkyeoQC273BbEfy8RPDrGixPZBfeyD4B5aFfgVo/XkQoegt9PX5IBEAP+OmXwdrhDNxhB1xhmzC7nm1/HTR/x2U1ZUXd3PMw+YOn2PTM4Ty8I97MlfcigyZgipBBR3lhe/zO4jQpbJvrkn3CT+8vh7avwsYhJlIAAAAASUVORK5CYII=', 220865.14, '2024-07-20 14:26:20', '2024-11-16 07:37:05');
insert into `stepupdb`.`product` (id, shop_id, product_name, product_desc, product_image, price, created_at, updated_at) values (67, 19, 'Samsung', 'Samsung S5200', 'data:image/png;base64,iVBORw0KGgoAAAANSUhEUgAAABAAAAAQCAYAAAAf8/9hAAAABGdBTUEAAK/INwWK6QAAABl0RVh0U29mdHdhcmUAQWRvYmUgSW1hZ2VSZWFkeXHJZTwAAAJfSURBVDjLpZNrSFNhGMelD34op67Lp4I+RKBREkUNIR2po7LOztlxbY1amstyXWw2m06b6Ra1llpqBJrlJdNFVyqxixZmIQ5npVE20DCkYqaDDBVy77+zDQbCmEUffvC8L/x/z/Pw8oYACPkfAl5mKmWl+cJFMMTzoNsUBnXsQqhk4qt/JVCrUosMVBQs2yJg5igWhUMbH4a0uKVQ7VWUzSnQswJc4II6LqT1Eg6NkI99GyPArF1M5hRoBZGkpTIPI60WdFYexO4NfKTGLoEidhl2rotEmXbXgqCCqj3LXa6P7Rjrvo7vr2thr8/B4P1ijPa3ojFjxURf3aHQoIJqxWrbuK0Jzp5bmHzbzGH11uP2ZlSnx/QEXcGaxM5/tnlrx5NMAaZ7ajD1/p6XyTc38FwjgFWY/KJRKOUFFJQnpfE7RFSNk6Ux5fiEvmPJaMnd7sVT/7J14ytDozMx+WJ9nCJylsCcIp03oNHWfpMwgOMD0PUSaKoFrlSAVJwDMRfCfe0ySPcrfGEY8iCBKq1LpEL9grYtjJGky4BHd3xwQVRagBIjcDofKMgGjh8AuVQCd4kJP9Nk5K6IPusX9J6MmnE+zANOnQAsRT7OFPjO+iwgOwNQK+FWSoAsFcYeF6IrJ3raL3hniCbjT40gSm6FqnIQLkg8XXWHQTT7QXRH4OYm8HT/IWfhajPBlruK+AX9DUf1dv3K3zOcYDSFBs4XB2SEZuCgGPQWxkxzGdOsV/hsVfPa5dI1TSLl8AArJ0M0iyGxBIOUBI4dLPrFMnI7QTHRyqasH76p5gX9jf/CH9NZtVjmGMuRAAAAAElFTkSuQmCC', 232611.89, '2025-02-19 14:36:05', '2024-05-22 03:27:54');
insert into `stepupdb`.`product` (id, shop_id, product_name, product_desc, product_image, price, created_at, updated_at) values (68, 8, 'Sagem', 'Sagem my230x', 'data:image/png;base64,iVBORw0KGgoAAAANSUhEUgAAABAAAAAQCAYAAAAf8/9hAAAABGdBTUEAAK/INwWK6QAAABl0RVh0U29mdHdhcmUAQWRvYmUgSW1hZ2VSZWFkeXHJZTwAAAMCSURBVDjLTdBNaFxVGMbx/zn33plOZjIT8zmGOnFM1VoNJYFWYi2CtVSMdKUbK+LKhSAGXYhd2m6FQkEXLbiwETcWiq3WpiiSBLRqTa122pEmMZPmw8lkMt93zrnnXhdJbB54l++Ph0cEQQDAm1/l9gOnHmnbMVzXPnXto32fhueXgAqwChigCBSAz4ErNpvxPe/pvcnY8PvPdbE9NeUn6spPFF2zU2moNA1zq1W+vVs7DIxuB3riIQFAbt3gCIEtwLIh7EhSYYklJY4Fgzsj9Cai7WeuLX4stwCjdTxqg+dDRQlKGtabUHI3rtCAf6sGgA/H5hlOR3mq0+mytwHtrSFJrQk11yClwAYsC6QFFgJLgA8IU+anmSLX50uL9wGlehIRi1LDo94MkDLAkiCNwJJgEbCj/AN/j3/G250D1CZ/5BWdHPsf8JTq64k7lNwADyAAywhksLF9vPI17WvXiAy8TiI9yPrs4zSunH1jW4NmXzIRJrNiEBIkG88SaKlcJuX8SezRA6zdzRASitZ4klhHKmEDvHjicsS2ZCjsSJQxSAIgIADCtSnS9i8k0kdoLn1JqEXwz/RttKsKbqP6jATwmqorLEBujkQAAohUJtglrpLofwl38QzCKeLEWtHVRV+Xl17Y9875rNys32LjY0uwpAAhMfOXSJmrJHYdxb33KdLRqPLDrEzc4PTC4dtD741PA8iDo2OdnlIn9u9OsVwOmFsxlLKXSOqf6X5yBLV8FisU0Cz3kZ/8ndzAR2Sq3TNb29lGqUPAyG+ZWYoNG2fhG14dyOP5vSzdPM0D3SHctYfITd1CHvqEhZyLUSq/BUij9dDLB56IfHF8hJOvPcYeLrLn2bcI5ybJXphi+rs17nx/g4n2D4i09VKp1jFaF+430Hp2ebXEufEMbbEI2Zk86q+LpPcepJQvcO/mDM8fv8CDoX7CNuTXKhitF7YAMXjsVCcwCvQBHf25k0eG0l1i3+60mFPR4HxuSLhOB/FohLZ4C3/cyWWBY9fPvfsrwH+7HFmMUqkOrwAAAABJRU5ErkJggg==', 82989.09, '2024-05-12 13:52:36', '2024-04-30 13:56:10');
insert into `stepupdb`.`product` (id, shop_id, product_name, product_desc, product_image, price, created_at, updated_at) values (69, 19, 'vivo', 'vivo X30', 'data:image/png;base64,iVBORw0KGgoAAAANSUhEUgAAABAAAAAQCAYAAAAf8/9hAAAABGdBTUEAAK/INwWK6QAAABl0RVh0U29mdHdhcmUAQWRvYmUgSW1hZ2VSZWFkeXHJZTwAAAJ1SURBVDjLpVNdSFRBFP7u3S3Xh1U3LN0MQ5NsrcifKEMCC8wkpWCJKKGXiqAgiF4KLCiCIIKggtBCgpAI8qEkAmXVyCW13BbJWiRchWUzV4pSd91778x05q5cihZ6cIaPMzPM+c4535lRhBBYzlCxzGEPPTofYYwVcM7AmEHQYRgSmmV1Xa617sbr/fX/EEjnNTUNEIJBMA7BDUgyQWSCyLhpDQS62velzUBG4eSU/Bk1L3K5l47SUnSJjCw3Wp03cf9qH12hTA3KVTfODNw60GaXKeaVNf23VtbfiytHK8G4QCQ2b7vbOXKDjlMEl19OIBSdA9M4DI0iEIwks/aHyr7iYvkQ7UuwqagQFUUu3H4yuMosQdeTOL16AHF1aillnVLUrPQF15HtFnAVNyI6242paS9K17mga3qqjZKAk8pMS1C0FJiJRRMrMhLILqxDlrsCtlg/wuExBCdmLQK7Ji9SpJXOvJTixpLyXKq/AFWZhDM3B+zXC+RvPob4p1f4bpSAREwRtA/MQLxppU5QC4Vs45KlebjOjf1HzgGLAQx3PEf1qUtQY0N43BGEOmkn9xNQn/Z8UD5G9bBrQzXWbtmLUExJrK9swLbtlaip2Q2nKw6eDIOYwebfobj2ApqrFpClfXn951M+7vf73/p8vl5an+zr7RncWTA9l1NYDh4fJd8Eqryl4FoUDsc4PDu8aGnKGJWOSrrPFGirPZvrOXgvf2MmRR2mkjSMdH4mEg8UWzaQWY/3D1tmqNw9aQmG7+yKbG3uKLCpkyTqDzoRf/0/W2Ypvo0FMd517Zk93aszkpoj8MCbEPTqTFEtCMvCFFvk/wbcn5vkMx8lqQAAAABJRU5ErkJggg==', 75199.71, '2024-05-11 14:01:50', '2024-07-14 19:00:04');
insert into `stepupdb`.`product` (id, shop_id, product_name, product_desc, product_image, price, created_at, updated_at) values (70, 8, 'vivo', 'vivo U10', 'data:image/png;base64,iVBORw0KGgoAAAANSUhEUgAAABAAAAAQCAYAAAAf8/9hAAAABGdBTUEAAK/INwWK6QAAABl0RVh0U29mdHdhcmUAQWRvYmUgSW1hZ2VSZWFkeXHJZTwAAAIfSURBVDjLpZNNSJRRFIafc79v+r7RUKFGMrLRQgqqVUQWbYogaB8VGURQltDC2gS5iDA3UYugWha5iqBF4CIr6JegRUQSTEQ/JIo/pIw/83/vaTHjmDpF0Mu9i3N578v73nOuqCr/Ax+grev+VVuQIxMpG85kK7DcwjIaQE2U2w+uHOz0AayTtu72rbH6WExEfBTQ8j1BFVTnasUWchy/9OgYUBSYmLFBbGVMOq71srqxjsBzWA3A1GKE4jaCZ4QfiQEud54ib0XKEVJZMManZX0Tm1t34RkPVQvigwhGBBGDMYaIZ3Bu0RvMxQyCkDC6vOj3L9ByyEUC+VyGfCYNIqg6nFqcMwigqnhiKeRSqLqlDlRhPDnMz7EkeVfAqWUqO0rOrkFKnPpgkvRsEtRUFhgZrSIymJk/0BiqmTJ5kiiDg7p0DlyJb7xlGC+omLslcZfGgTtExr6S+HyBVrMzgAMLHfwJLYletk32sfHoSYLmTaQ/9FP98kn4eG/kjA+gziHA2PePFQW2v73OhtPnCL88gxfdVNXWsS4e590nLQ6SlJpzo6erXP2OoeeHCVc1w/6z89kvNuA5afIBaqIm6QqZ2oYqKbawJFhajMQaSL3vo/phB9n0CClgesrDegz7ANWBuXei5+mOVF63OLc0wp7o7jB88yqIr4jiexGmxwt8GzWquJvyr9/59aG152cnhts9K3Hr6ZDCrX39hZ5fKo7iczfDI18AAAAASUVORK5CYII=', 14361.47, '2024-05-01 06:03:27', '2024-09-25 00:28:12');


DROP TABLE IF EXISTS `stepupdb`.`order_delivery`;
DROP TABLE IF EXISTS `stepupdb`.`order`;
CREATE TABLE IF NOT EXISTS `stepupdb`.`order` (
  `id` INT NOT NULL,
  `customer_id` INT NOT NULL,
  `product_id` INT NOT NULL,
  `qty` INT NULL DEFAULT 0,
  `price` DOUBLE NULL DEFAULT 0,
  `tax` DOUBLE NULL DEFAULT 0,
  `final_amount` DOUBLE NULL DEFAULT 0,
  `created_at` DATETIME NULL DEFAULT NOW(),
  `updated_at` DATETIME NULL ON UPDATE NOW(),
   CONSTRAINT pk_id PRIMARY KEY (`id`),
   CONSTRAINT pk_customer_id FOREIGN KEY (`customer_id`) REFERENCES `stepupdb`.`users`(`id`),
   CONSTRAINT pk_product_id FOREIGN KEY (`product_id`) REFERENCES `stepupdb`.`product`(`id`)
 );


insert into `stepupdb`.`order` (id, customer_id, product_id, qty, price, tax, final_amount, created_at, updated_at) values (1001, 1, 64, 4, 12812.63, 98726.63, 1124698.33, '2025-03-04 09:29:31', '2025-03-17 10:58:31');
insert into `stepupdb`.`order` (id, customer_id, product_id, qty, price, tax, final_amount, created_at, updated_at) values (1002, 71, 67, 8, 11308.7, 82676.42, 680394.31, '2025-03-01 14:52:30', '2025-03-16 03:05:00');
insert into `stepupdb`.`order` (id, customer_id, product_id, qty, price, tax, final_amount, created_at, updated_at) values (1003, 67, 34, 3, 12638.67, 2910.7, 372090.26, '2025-03-13 02:54:48', '2025-03-07 02:48:22');
insert into `stepupdb`.`order` (id, customer_id, product_id, qty, price, tax, final_amount, created_at, updated_at) values (1004, 25, 3, 3, 22586.88, 86161.69, 485403.26, '2025-03-19 07:38:24', '2025-03-19 06:10:56');
insert into `stepupdb`.`order` (id, customer_id, product_id, qty, price, tax, final_amount, created_at, updated_at) values (1005, 83, 30, 6, 12935.59, 91640.99, 977633.09, '2025-03-11 13:02:07', '2025-03-07 03:36:37');
insert into `stepupdb`.`order` (id, customer_id, product_id, qty, price, tax, final_amount, created_at, updated_at) values (1006, 21, 56, 6, 17947.9, 62249.7, 1895619.17, '2025-03-07 19:11:02', '2025-03-09 09:53:50');
insert into `stepupdb`.`order` (id, customer_id, product_id, qty, price, tax, final_amount, created_at, updated_at) values (1007, 70, 58, 10, 12994.91, 77823.59, 1587673.46, '2025-03-14 18:25:20', '2025-03-13 20:55:31');
insert into `stepupdb`.`order` (id, customer_id, product_id, qty, price, tax, final_amount, created_at, updated_at) values (1008, 55, 6, 9, 15128.79, 49597.88, 1343795.47, '2025-03-02 03:43:17', '2025-03-12 00:33:32');
insert into `stepupdb`.`order` (id, customer_id, product_id, qty, price, tax, final_amount, created_at, updated_at) values (1009, 90, 57, 9, 15059.95, 40475.64, 2031659.57, '2025-03-19 06:28:17', '2025-03-19 02:24:15');
insert into `stepupdb`.`order` (id, customer_id, product_id, qty, price, tax, final_amount, created_at, updated_at) values (1010, 82, 26, 2, 15596.31, 33580.11, 1837338.23, '2025-03-07 04:33:44', '2025-03-15 14:13:22');
insert into `stepupdb`.`order` (id, customer_id, product_id, qty, price, tax, final_amount, created_at, updated_at) values (1011, 81, 23, 7, 15163.21, 98320.15, 982770.41, '2025-03-07 04:09:33', '2025-03-06 06:00:40');
insert into `stepupdb`.`order` (id, customer_id, product_id, qty, price, tax, final_amount, created_at, updated_at) values (1012, 69, 27, 5, 21047.45, 75548.79, 82703.24, '2025-03-04 20:49:58', '2025-03-15 01:02:46');
insert into `stepupdb`.`order` (id, customer_id, product_id, qty, price, tax, final_amount, created_at, updated_at) values (1013, 47, 65, 3, 11878.67, 3441.07, 978319.82, '2025-03-07 04:16:57', '2025-03-13 03:20:11');
insert into `stepupdb`.`order` (id, customer_id, product_id, qty, price, tax, final_amount, created_at, updated_at) values (1014, 79, 30, 5, 12243.37, 39604.92, 2122317.0, '2025-03-06 07:32:33', '2025-03-10 08:13:05');
insert into `stepupdb`.`order` (id, customer_id, product_id, qty, price, tax, final_amount, created_at, updated_at) values (1015, 67, 27, 10, 15306.42, 4897.5, 2275486.16, '2025-03-05 00:44:16', '2025-03-12 19:59:04');
insert into `stepupdb`.`order` (id, customer_id, product_id, qty, price, tax, final_amount, created_at, updated_at) values (1016, 40, 46, 9, 11232.39, 65619.61, 1384178.06, '2025-03-04 16:05:41', '2025-03-13 23:49:19');
insert into `stepupdb`.`order` (id, customer_id, product_id, qty, price, tax, final_amount, created_at, updated_at) values (1017, 13, 3, 7, 18501.8, 55796.28, 2196560.33, '2025-03-13 20:56:08', '2025-03-19 23:16:44');
insert into `stepupdb`.`order` (id, customer_id, product_id, qty, price, tax, final_amount, created_at, updated_at) values (1018, 23, 3, 10, 10774.58, 45503.97, 2410961.76, '2025-03-02 10:05:14', '2025-03-18 14:43:26');
insert into `stepupdb`.`order` (id, customer_id, product_id, qty, price, tax, final_amount, created_at, updated_at) values (1019, 13, 18, 5, 24113.32, 46225.48, 752215.36, '2025-03-13 18:58:20', '2025-03-12 03:03:57');
insert into `stepupdb`.`order` (id, customer_id, product_id, qty, price, tax, final_amount, created_at, updated_at) values (1020, 92, 18, 4, 11276.28, 22971.73, 1690940.95, '2025-03-18 06:58:26', '2025-03-10 13:10:45');
insert into `stepupdb`.`order` (id, customer_id, product_id, qty, price, tax, final_amount, created_at, updated_at) values (1021, 56, 18, 6, 21692.83, 56460.51, 2159167.05, '2025-03-12 03:59:04', '2025-03-13 13:55:58');
insert into `stepupdb`.`order` (id, customer_id, product_id, qty, price, tax, final_amount, created_at, updated_at) values (1022, 8, 7, 8, 14803.81, 76610.79, 1231693.47, '2025-03-02 09:58:30', '2025-03-12 03:25:26');
insert into `stepupdb`.`order` (id, customer_id, product_id, qty, price, tax, final_amount, created_at, updated_at) values (1023, 51, 46, 8, 15902.79, 47807.4, 2223738.35, '2025-03-03 10:43:25', '2025-03-16 23:16:51');
insert into `stepupdb`.`order` (id, customer_id, product_id, qty, price, tax, final_amount, created_at, updated_at) values (1024, 8, 28, 2, 21088.61, 82918.5, 1949751.7, '2025-03-02 21:45:36', '2025-03-16 22:04:01');
insert into `stepupdb`.`order` (id, customer_id, product_id, qty, price, tax, final_amount, created_at, updated_at) values (1025, 78, 13, 6, 10590.75, 93877.97, 728268.2, '2025-03-06 22:18:39', '2025-03-17 19:13:56');
insert into `stepupdb`.`order` (id, customer_id, product_id, qty, price, tax, final_amount, created_at, updated_at) values (1026, 12, 22, 3, 20000.11, 38685.78, 1185805.82, '2025-03-04 11:28:47', '2025-03-09 12:10:25');
insert into `stepupdb`.`order` (id, customer_id, product_id, qty, price, tax, final_amount, created_at, updated_at) values (1027, 11, 4, 9, 16923.35, 56824.26, 1239034.82, '2025-03-12 19:44:29', '2025-03-10 15:42:29');
insert into `stepupdb`.`order` (id, customer_id, product_id, qty, price, tax, final_amount, created_at, updated_at) values (1028, 79, 55, 2, 23614.93, 58431.71, 1556274.04, '2025-03-09 16:27:02', '2025-03-12 07:49:02');
insert into `stepupdb`.`order` (id, customer_id, product_id, qty, price, tax, final_amount, created_at, updated_at) values (1029, 55, 22, 1, 19609.9, 89633.41, 2136193.01, '2025-03-01 22:39:43', '2025-03-11 20:52:58');
insert into `stepupdb`.`order` (id, customer_id, product_id, qty, price, tax, final_amount, created_at, updated_at) values (1030, 79, 27, 7, 13844.95, 11652.85, 901772.78, '2025-03-19 16:45:20', '2025-03-11 22:47:30');
insert into `stepupdb`.`order` (id, customer_id, product_id, qty, price, tax, final_amount, created_at, updated_at) values (1031, 25, 14, 2, 11810.23, 93740.76, 1400528.1, '2025-03-04 15:11:04', '2025-03-06 08:54:50');
insert into `stepupdb`.`order` (id, customer_id, product_id, qty, price, tax, final_amount, created_at, updated_at) values (1032, 86, 54, 1, 11059.92, 7838.23, 2022296.34, '2025-03-18 17:47:54', '2025-03-17 00:06:15');
insert into `stepupdb`.`order` (id, customer_id, product_id, qty, price, tax, final_amount, created_at, updated_at) values (1033, 19, 35, 7, 14383.28, 69033.2, 319383.3, '2025-03-03 18:59:44', '2025-03-11 14:20:27');
insert into `stepupdb`.`order` (id, customer_id, product_id, qty, price, tax, final_amount, created_at, updated_at) values (1034, 90, 20, 3, 20869.6, 38196.86, 958619.88, '2025-03-13 05:43:32', '2025-03-09 05:11:07');
insert into `stepupdb`.`order` (id, customer_id, product_id, qty, price, tax, final_amount, created_at, updated_at) values (1035, 11, 58, 2, 21246.77, 58489.99, 1834010.14, '2025-03-11 06:00:20', '2025-03-08 19:42:58');
insert into `stepupdb`.`order` (id, customer_id, product_id, qty, price, tax, final_amount, created_at, updated_at) values (1036, 6, 44, 2, 11070.16, 38619.69, 1342134.63, '2025-03-18 06:20:12', '2025-03-08 22:40:48');
insert into `stepupdb`.`order` (id, customer_id, product_id, qty, price, tax, final_amount, created_at, updated_at) values (1037, 33, 26, 1, 19731.97, 65381.63, 662168.52, '2025-03-05 14:42:21', '2025-03-12 05:11:11');
insert into `stepupdb`.`order` (id, customer_id, product_id, qty, price, tax, final_amount, created_at, updated_at) values (1038, 45, 70, 2, 13280.13, 62124.69, 896950.02, '2025-03-14 14:11:41', '2025-03-06 21:19:53');
insert into `stepupdb`.`order` (id, customer_id, product_id, qty, price, tax, final_amount, created_at, updated_at) values (1039, 80, 19, 1, 13143.5, 81419.42, 808752.62, '2025-03-18 01:08:28', '2025-03-10 14:44:51');
insert into `stepupdb`.`order` (id, customer_id, product_id, qty, price, tax, final_amount, created_at, updated_at) values (1040, 43, 44, 3, 21764.67, 65739.56, 2146144.11, '2025-03-10 10:08:51', '2025-03-10 05:06:18');
insert into `stepupdb`.`order` (id, customer_id, product_id, qty, price, tax, final_amount, created_at, updated_at) values (1041, 48, 5, 6, 23814.17, 71809.28, 961796.22, '2025-03-07 14:02:21', '2025-03-14 01:03:58');
insert into `stepupdb`.`order` (id, customer_id, product_id, qty, price, tax, final_amount, created_at, updated_at) values (1042, 38, 17, 7, 10157.19, 15422.91, 1902664.14, '2025-03-14 02:43:33', '2025-03-17 03:31:19');
insert into `stepupdb`.`order` (id, customer_id, product_id, qty, price, tax, final_amount, created_at, updated_at) values (1043, 17, 49, 1, 23391.32, 83180.69, 1854968.38, '2025-03-15 13:46:02', '2025-03-07 23:57:47');
insert into `stepupdb`.`order` (id, customer_id, product_id, qty, price, tax, final_amount, created_at, updated_at) values (1044, 65, 50, 10, 17431.18, 9334.52, 1046248.34, '2025-03-16 10:46:48', '2025-03-17 08:51:43');
insert into `stepupdb`.`order` (id, customer_id, product_id, qty, price, tax, final_amount, created_at, updated_at) values (1045, 53, 34, 5, 11589.51, 31310.05, 958741.92, '2025-03-01 15:57:41', '2025-03-13 18:35:06');
insert into `stepupdb`.`order` (id, customer_id, product_id, qty, price, tax, final_amount, created_at, updated_at) values (1046, 39, 31, 10, 12730.85, 81065.49, 355614.78, '2025-03-08 10:46:03', '2025-03-17 12:10:07');
insert into `stepupdb`.`order` (id, customer_id, product_id, qty, price, tax, final_amount, created_at, updated_at) values (1047, 90, 70, 7, 20638.44, 52912.3, 1075741.47, '2025-03-16 19:04:42', '2025-03-05 10:35:17');
insert into `stepupdb`.`order` (id, customer_id, product_id, qty, price, tax, final_amount, created_at, updated_at) values (1048, 22, 55, 7, 10032.56, 54707.84, 1009364.01, '2025-03-08 00:56:48', '2025-03-13 08:25:46');
insert into `stepupdb`.`order` (id, customer_id, product_id, qty, price, tax, final_amount, created_at, updated_at) values (1049, 57, 10, 5, 16200.53, 55526.47, 2347633.62, '2025-03-05 20:42:24', '2025-03-19 10:01:11');
insert into `stepupdb`.`order` (id, customer_id, product_id, qty, price, tax, final_amount, created_at, updated_at) values (1050, 27, 33, 8, 23033.23, 72700.64, 705743.18, '2025-03-09 01:39:05', '2025-03-17 12:00:48');
insert into `stepupdb`.`order` (id, customer_id, product_id, qty, price, tax, final_amount, created_at, updated_at) values (1051, 58, 17, 4, 22116.53, 78559.03, 1594021.61, '2025-03-05 07:59:11', '2025-03-13 01:49:30');
insert into `stepupdb`.`order` (id, customer_id, product_id, qty, price, tax, final_amount, created_at, updated_at) values (1052, 23, 55, 1, 22668.82, 11684.95, 347047.71, '2025-03-15 08:50:20', '2025-03-18 18:43:46');
insert into `stepupdb`.`order` (id, customer_id, product_id, qty, price, tax, final_amount, created_at, updated_at) values (1053, 91, 14, 9, 14715.35, 99444.33, 538859.68, '2025-03-11 09:41:44', '2025-03-12 23:04:36');
insert into `stepupdb`.`order` (id, customer_id, product_id, qty, price, tax, final_amount, created_at, updated_at) values (1054, 29, 3, 8, 21829.46, 64779.37, 2157986.93, '2025-03-03 10:39:02', '2025-03-17 22:37:22');
insert into `stepupdb`.`order` (id, customer_id, product_id, qty, price, tax, final_amount, created_at, updated_at) values (1055, 5, 28, 1, 10876.54, 58439.37, 211273.33, '2025-03-17 11:12:34', '2025-03-17 11:44:37');
insert into `stepupdb`.`order` (id, customer_id, product_id, qty, price, tax, final_amount, created_at, updated_at) values (1056, 37, 38, 10, 13837.94, 57460.48, 132972.26, '2025-03-19 01:35:37', '2025-03-08 20:58:36');
insert into `stepupdb`.`order` (id, customer_id, product_id, qty, price, tax, final_amount, created_at, updated_at) values (1057, 53, 6, 4, 24444.83, 21793.5, 577244.96, '2025-03-06 23:17:00', '2025-03-13 18:57:39');
insert into `stepupdb`.`order` (id, customer_id, product_id, qty, price, tax, final_amount, created_at, updated_at) values (1058, 90, 33, 1, 22533.97, 62424.6, 99095.24, '2025-03-19 22:25:42', '2025-03-13 06:32:50');
insert into `stepupdb`.`order` (id, customer_id, product_id, qty, price, tax, final_amount, created_at, updated_at) values (1059, 13, 27, 5, 10355.68, 57850.44, 1445223.4, '2025-03-07 02:53:50', '2025-03-19 04:10:11');
insert into `stepupdb`.`order` (id, customer_id, product_id, qty, price, tax, final_amount, created_at, updated_at) values (1060, 17, 38, 3, 11213.05, 20150.07, 187981.72, '2025-03-16 10:52:36', '2025-03-08 15:16:08');
insert into `stepupdb`.`order` (id, customer_id, product_id, qty, price, tax, final_amount, created_at, updated_at) values (1061, 85, 39, 6, 20385.13, 6621.16, 617205.98, '2025-03-08 18:09:48', '2025-03-09 18:02:19');
insert into `stepupdb`.`order` (id, customer_id, product_id, qty, price, tax, final_amount, created_at, updated_at) values (1062, 74, 8, 1, 11724.39, 16451.03, 1566197.25, '2025-03-17 03:05:04', '2025-03-06 13:57:05');
insert into `stepupdb`.`order` (id, customer_id, product_id, qty, price, tax, final_amount, created_at, updated_at) values (1063, 84, 39, 7, 10240.01, 67828.87, 2141617.72, '2025-03-12 07:23:25', '2025-03-17 22:02:02');
insert into `stepupdb`.`order` (id, customer_id, product_id, qty, price, tax, final_amount, created_at, updated_at) values (1064, 13, 36, 7, 11035.18, 11074.24, 1829737.51, '2025-03-02 02:38:46', '2025-03-06 23:34:30');
insert into `stepupdb`.`order` (id, customer_id, product_id, qty, price, tax, final_amount, created_at, updated_at) values (1065, 72, 70, 3, 19465.72, 30664.23, 241393.77, '2025-03-11 07:43:40', '2025-03-13 22:58:49');
insert into `stepupdb`.`order` (id, customer_id, product_id, qty, price, tax, final_amount, created_at, updated_at) values (1066, 65, 19, 5, 14612.02, 74091.18, 1038972.23, '2025-03-07 08:23:24', '2025-03-16 11:40:38');
insert into `stepupdb`.`order` (id, customer_id, product_id, qty, price, tax, final_amount, created_at, updated_at) values (1067, 54, 53, 4, 18849.37, 76114.08, 2042990.81, '2025-03-11 04:08:28', '2025-03-07 06:08:39');
insert into `stepupdb`.`order` (id, customer_id, product_id, qty, price, tax, final_amount, created_at, updated_at) values (1068, 66, 26, 1, 22926.85, 56557.61, 2429240.53, '2025-03-19 22:46:00', '2025-03-14 23:03:18');
insert into `stepupdb`.`order` (id, customer_id, product_id, qty, price, tax, final_amount, created_at, updated_at) values (1069, 61, 50, 6, 18113.23, 29825.94, 1919302.61, '2025-03-07 08:07:44', '2025-03-11 22:04:10');
insert into `stepupdb`.`order` (id, customer_id, product_id, qty, price, tax, final_amount, created_at, updated_at) values (1070, 55, 17, 1, 24413.43, 47907.56, 2033212.69, '2025-03-18 09:11:41', '2025-03-12 09:48:36');
insert into `stepupdb`.`order` (id, customer_id, product_id, qty, price, tax, final_amount, created_at, updated_at) values (1071, 58, 67, 3, 14642.51, 77674.31, 1168856.81, '2025-03-12 03:34:50', '2025-03-18 05:42:44');
insert into `stepupdb`.`order` (id, customer_id, product_id, qty, price, tax, final_amount, created_at, updated_at) values (1072, 11, 15, 9, 14825.56, 46879.39, 356243.96, '2025-03-08 18:57:32', '2025-03-13 22:20:21');
insert into `stepupdb`.`order` (id, customer_id, product_id, qty, price, tax, final_amount, created_at, updated_at) values (1073, 5, 35, 8, 18792.37, 67153.89, 1401668.04, '2025-03-14 13:36:39', '2025-03-16 11:28:28');
insert into `stepupdb`.`order` (id, customer_id, product_id, qty, price, tax, final_amount, created_at, updated_at) values (1074, 57, 44, 5, 22940.52, 20817.32, 537489.33, '2025-03-08 08:03:33', '2025-03-16 16:11:59');
insert into `stepupdb`.`order` (id, customer_id, product_id, qty, price, tax, final_amount, created_at, updated_at) values (1075, 52, 66, 7, 24903.9, 42197.14, 1510296.18, '2025-03-15 17:29:24', '2025-03-06 12:43:30');
insert into `stepupdb`.`order` (id, customer_id, product_id, qty, price, tax, final_amount, created_at, updated_at) values (1076, 17, 29, 3, 22191.49, 56806.09, 2052329.06, '2025-03-03 18:51:15', '2025-03-06 05:51:41');
insert into `stepupdb`.`order` (id, customer_id, product_id, qty, price, tax, final_amount, created_at, updated_at) values (1077, 47, 10, 9, 14932.59, 72331.63, 1168659.46, '2025-03-02 03:40:48', '2025-03-18 01:00:54');
insert into `stepupdb`.`order` (id, customer_id, product_id, qty, price, tax, final_amount, created_at, updated_at) values (1078, 91, 51, 10, 14599.41, 73914.54, 266356.31, '2025-03-12 10:43:18', '2025-03-16 21:04:34');
insert into `stepupdb`.`order` (id, customer_id, product_id, qty, price, tax, final_amount, created_at, updated_at) values (1079, 12, 4, 4, 14655.93, 82541.24, 1712917.69, '2025-03-02 00:39:51', '2025-03-16 02:36:42');
insert into `stepupdb`.`order` (id, customer_id, product_id, qty, price, tax, final_amount, created_at, updated_at) values (1080, 42, 15, 10, 19789.33, 51359.08, 831986.3, '2025-03-13 19:10:55', '2025-03-06 01:56:43');
insert into `stepupdb`.`order` (id, customer_id, product_id, qty, price, tax, final_amount, created_at, updated_at) values (1081, 58, 43, 4, 16390.07, 72297.78, 575549.28, '2025-03-19 02:41:00', '2025-03-08 04:56:03');
insert into `stepupdb`.`order` (id, customer_id, product_id, qty, price, tax, final_amount, created_at, updated_at) values (1082, 19, 1, 6, 21222.86, 9144.86, 1958942.22, '2025-03-17 15:05:18', '2025-03-14 00:17:14');
insert into `stepupdb`.`order` (id, customer_id, product_id, qty, price, tax, final_amount, created_at, updated_at) values (1083, 25, 13, 4, 17095.91, 81930.88, 601171.39, '2025-03-11 13:29:43', '2025-03-07 08:10:36');
insert into `stepupdb`.`order` (id, customer_id, product_id, qty, price, tax, final_amount, created_at, updated_at) values (1084, 64, 53, 8, 11897.37, 31069.43, 2046464.05, '2025-03-02 22:27:06', '2025-03-18 20:56:16');
insert into `stepupdb`.`order` (id, customer_id, product_id, qty, price, tax, final_amount, created_at, updated_at) values (1085, 87, 11, 7, 19913.84, 42793.66, 559189.41, '2025-03-16 16:01:45', '2025-03-19 10:45:03');
insert into `stepupdb`.`order` (id, customer_id, product_id, qty, price, tax, final_amount, created_at, updated_at) values (1086, 21, 31, 7, 10224.07, 79552.78, 719868.93, '2025-03-13 07:32:58', '2025-03-15 08:55:58');
insert into `stepupdb`.`order` (id, customer_id, product_id, qty, price, tax, final_amount, created_at, updated_at) values (1087, 60, 27, 2, 15228.09, 84029.49, 2425874.13, '2025-03-15 08:38:33', '2025-03-14 23:11:20');
insert into `stepupdb`.`order` (id, customer_id, product_id, qty, price, tax, final_amount, created_at, updated_at) values (1088, 11, 57, 10, 14143.48, 98517.24, 664287.16, '2025-03-15 18:33:27', '2025-03-10 14:37:00');
insert into `stepupdb`.`order` (id, customer_id, product_id, qty, price, tax, final_amount, created_at, updated_at) values (1089, 25, 24, 4, 24748.47, 43961.26, 1385644.38, '2025-03-06 18:50:29', '2025-03-15 11:04:03');
insert into `stepupdb`.`order` (id, customer_id, product_id, qty, price, tax, final_amount, created_at, updated_at) values (1090, 37, 3, 5, 14374.73, 59165.53, 1362581.41, '2025-03-07 16:56:51', '2025-03-11 17:14:41');
insert into `stepupdb`.`order` (id, customer_id, product_id, qty, price, tax, final_amount, created_at, updated_at) values (1091, 37, 68, 3, 21806.39, 5363.46, 634373.84, '2025-03-06 17:19:53', '2025-03-08 17:15:13');
insert into `stepupdb`.`order` (id, customer_id, product_id, qty, price, tax, final_amount, created_at, updated_at) values (1092, 24, 64, 10, 15193.38, 52165.31, 780704.02, '2025-03-18 02:24:40', '2025-03-08 17:18:28');
insert into `stepupdb`.`order` (id, customer_id, product_id, qty, price, tax, final_amount, created_at, updated_at) values (1093, 9, 16, 8, 18762.8, 44641.12, 1093880.35, '2025-03-18 09:56:19', '2025-03-11 16:34:28');
insert into `stepupdb`.`order` (id, customer_id, product_id, qty, price, tax, final_amount, created_at, updated_at) values (1094, 90, 46, 7, 12287.2, 28477.39, 2036529.69, '2025-03-10 22:22:05', '2025-03-07 15:09:38');
insert into `stepupdb`.`order` (id, customer_id, product_id, qty, price, tax, final_amount, created_at, updated_at) values (1095, 36, 39, 10, 24623.32, 95836.56, 706127.61, '2025-03-08 11:21:58', '2025-03-09 01:21:32');
insert into `stepupdb`.`order` (id, customer_id, product_id, qty, price, tax, final_amount, created_at, updated_at) values (1096, 64, 32, 5, 19795.36, 52264.18, 575160.2, '2025-03-08 20:41:10', '2025-03-07 09:24:52');
insert into `stepupdb`.`order` (id, customer_id, product_id, qty, price, tax, final_amount, created_at, updated_at) values (1097, 64, 56, 6, 19286.59, 59033.36, 1330803.53, '2025-03-03 02:20:15', '2025-03-17 05:18:29');
insert into `stepupdb`.`order` (id, customer_id, product_id, qty, price, tax, final_amount, created_at, updated_at) values (1098, 19, 51, 10, 13767.72, 11821.02, 310491.83, '2025-03-11 04:19:48', '2025-03-18 23:11:56');
insert into `stepupdb`.`order` (id, customer_id, product_id, qty, price, tax, final_amount, created_at, updated_at) values (1099, 12, 38, 8, 22683.29, 90125.66, 2299652.13, '2025-03-11 01:07:20', '2025-03-14 23:00:54');
insert into `stepupdb`.`order` (id, customer_id, product_id, qty, price, tax, final_amount, created_at, updated_at) values (1100, 84, 34, 8, 14213.6, 58079.29, 2087386.21, '2025-03-18 06:51:35', '2025-03-11 21:22:54');


SELECT * FROM `stepupdb`.`order`;


DROP TABLE IF EXISTS `stepupdb`.`order_delivery`;
CREATE TABLE IF NOT EXISTS `stepupdb`.`order_delivery` (
  `id` INT NOT NULL,
  `order_id` INT NOT NULL,
  `delivery_person_id` INT NOT NULL,
  `delivery_status` VARCHAR(50) DEFAULT 'PENDING',
  `remark` VARCHAR(50) NULL,
  `created_at` DATETIME NULL DEFAULT NOW(),
  `updated_at` DATETIME NULL ON UPDATE NOW(),
   CONSTRAINT pk_id PRIMARY KEY (`id`),
   CONSTRAINT fk_order_id FOREIGN KEY (`order_id`) REFERENCES `stepupdb`.`order`(`id`),
   CONSTRAINT fk_delivery_person_id FOREIGN KEY (`delivery_person_id`) REFERENCES `stepupdb`.`users`(`id`)
 );

insert into `stepupdb`.`order_delivery` (id, order_id, delivery_person_id, delivery_status, remark, created_at, updated_at) values (3001, 1022, 55, 'REJECTED', null, '2025-01-20 22:35:26', '2025-01-11 04:56:43');
insert into `stepupdb`.`order_delivery` (id, order_id, delivery_person_id, delivery_status, remark, created_at, updated_at) values (3002, 1064, 26, 'REJECTED', null, '2025-02-07 03:46:28', '2024-11-24 07:45:14');
insert into `stepupdb`.`order_delivery` (id, order_id, delivery_person_id, delivery_status, remark, created_at, updated_at) values (3003, 1077, 89, 'CANCELLED', null, '2024-05-28 20:48:16', '2024-05-02 14:11:13');
insert into `stepupdb`.`order_delivery` (id, order_id, delivery_person_id, delivery_status, remark, created_at, updated_at) values (3004, 1021, 56, 'PENDING', null, '2024-07-21 08:21:03', '2025-03-08 15:08:24');
insert into `stepupdb`.`order_delivery` (id, order_id, delivery_person_id, delivery_status, remark, created_at, updated_at) values (3005, 1056, 8, 'CANCELLED', null, '2025-01-29 05:46:17', '2024-12-04 19:23:04');
insert into `stepupdb`.`order_delivery` (id, order_id, delivery_person_id, delivery_status, remark, created_at, updated_at) values (3006, 1086, 77, 'CANCELLED', null, '2025-02-23 05:34:54', '2024-11-29 15:33:18');
insert into `stepupdb`.`order_delivery` (id, order_id, delivery_person_id, delivery_status, remark, created_at, updated_at) values (3007, 1006, 56, 'DELIVERED', null, '2024-09-09 15:19:46', '2024-11-17 22:10:12');
insert into `stepupdb`.`order_delivery` (id, order_id, delivery_person_id, delivery_status, remark, created_at, updated_at) values (3008, 1073, 93, 'DELIVERED', null, '2025-01-08 21:59:12', '2024-05-18 21:22:30');
insert into `stepupdb`.`order_delivery` (id, order_id, delivery_person_id, delivery_status, remark, created_at, updated_at) values (3009, 1041, 35, 'PENDING', null, '2024-11-04 08:42:55', '2024-07-25 00:41:59');
insert into `stepupdb`.`order_delivery` (id, order_id, delivery_person_id, delivery_status, remark, created_at, updated_at) values (3010, 1047, 22, 'IN_TRANSIT', null, '2024-04-09 12:30:41', '2024-06-03 19:32:57');
insert into `stepupdb`.`order_delivery` (id, order_id, delivery_person_id, delivery_status, remark, created_at, updated_at) values (3011, 1014, 82, 'PENDING', null, '2024-04-19 22:56:28', '2024-07-10 17:41:37');
insert into `stepupdb`.`order_delivery` (id, order_id, delivery_person_id, delivery_status, remark, created_at, updated_at) values (3012, 1028, 3, 'REJECTED', null, '2024-11-19 02:28:47', '2024-06-20 05:28:49');
insert into `stepupdb`.`order_delivery` (id, order_id, delivery_person_id, delivery_status, remark, created_at, updated_at) values (3013, 1084, 54, 'PENDING', null, '2024-06-25 00:09:41', '2025-02-14 19:55:24');
insert into `stepupdb`.`order_delivery` (id, order_id, delivery_person_id, delivery_status, remark, created_at, updated_at) values (3014, 1081, 74, 'DELIVERED', null, '2024-12-07 13:20:52', '2024-07-23 15:49:04');
insert into `stepupdb`.`order_delivery` (id, order_id, delivery_person_id, delivery_status, remark, created_at, updated_at) values (3015, 1043, 49, 'DELIVERED', null, '2024-06-19 08:08:09', '2024-11-22 22:28:20');
insert into `stepupdb`.`order_delivery` (id, order_id, delivery_person_id, delivery_status, remark, created_at, updated_at) values (3016, 1089, 19, 'IN_TRANSIT', null, '2024-07-13 19:00:48', '2024-12-10 01:28:54');
insert into `stepupdb`.`order_delivery` (id, order_id, delivery_person_id, delivery_status, remark, created_at, updated_at) values (3017, 1031, 55, 'DELIVERED', null, '2024-07-11 18:23:31', '2024-09-28 15:09:54');
insert into `stepupdb`.`order_delivery` (id, order_id, delivery_person_id, delivery_status, remark, created_at, updated_at) values (3018, 1045, 83, 'CANCELLED', null, '2025-01-16 07:50:12', '2024-09-24 09:09:39');
insert into `stepupdb`.`order_delivery` (id, order_id, delivery_person_id, delivery_status, remark, created_at, updated_at) values (3019, 1089, 34, 'CANCELLED', null, '2024-04-26 18:35:24', '2024-12-04 15:01:07');
insert into `stepupdb`.`order_delivery` (id, order_id, delivery_person_id, delivery_status, remark, created_at, updated_at) values (3020, 1018, 77, 'IN_TRANSIT', null, '2024-10-04 07:05:05', '2024-10-05 21:46:28');
insert into `stepupdb`.`order_delivery` (id, order_id, delivery_person_id, delivery_status, remark, created_at, updated_at) values (3021, 1029, 45, 'DELIVERED', null, '2024-09-12 10:34:14', '2024-04-18 22:42:44');
insert into `stepupdb`.`order_delivery` (id, order_id, delivery_person_id, delivery_status, remark, created_at, updated_at) values (3022, 1043, 22, 'REJECTED', null, '2024-10-28 02:34:53', '2025-03-17 17:17:15');
insert into `stepupdb`.`order_delivery` (id, order_id, delivery_person_id, delivery_status, remark, created_at, updated_at) values (3023, 1024, 57, 'PENDING', null, '2024-03-29 06:50:52', '2024-05-20 03:50:12');
insert into `stepupdb`.`order_delivery` (id, order_id, delivery_person_id, delivery_status, remark, created_at, updated_at) values (3024, 1034, 78, 'PENDING', null, '2024-09-04 01:06:15', '2024-10-04 14:10:14');
insert into `stepupdb`.`order_delivery` (id, order_id, delivery_person_id, delivery_status, remark, created_at, updated_at) values (3025, 1022, 13, 'DELIVERED', null, '2024-09-21 17:12:37', '2024-09-30 16:49:25');
insert into `stepupdb`.`order_delivery` (id, order_id, delivery_person_id, delivery_status, remark, created_at, updated_at) values (3026, 1071, 10, 'IN_TRANSIT', null, '2024-12-02 09:58:07', '2024-08-20 05:15:14');
insert into `stepupdb`.`order_delivery` (id, order_id, delivery_person_id, delivery_status, remark, created_at, updated_at) values (3027, 1065, 58, 'CANCELLED', null, '2024-08-25 11:34:46', '2024-06-18 12:46:51');
insert into `stepupdb`.`order_delivery` (id, order_id, delivery_person_id, delivery_status, remark, created_at, updated_at) values (3028, 1084, 51, 'PENDING', null, '2025-02-13 09:01:01', '2025-02-01 00:27:12');
insert into `stepupdb`.`order_delivery` (id, order_id, delivery_person_id, delivery_status, remark, created_at, updated_at) values (3029, 1068, 46, 'REJECTED', null, '2024-12-20 21:48:54', '2024-07-03 05:46:17');
insert into `stepupdb`.`order_delivery` (id, order_id, delivery_person_id, delivery_status, remark, created_at, updated_at) values (3030, 1064, 89, 'IN_TRANSIT', null, '2024-09-14 12:35:38', '2024-05-23 00:17:11');
insert into `stepupdb`.`order_delivery` (id, order_id, delivery_person_id, delivery_status, remark, created_at, updated_at) values (3031, 1094, 28, 'IN_TRANSIT', null, '2024-04-18 15:09:16', '2024-05-19 21:52:33');
insert into `stepupdb`.`order_delivery` (id, order_id, delivery_person_id, delivery_status, remark, created_at, updated_at) values (3032, 1071, 60, 'PENDING', null, '2024-06-04 06:49:13', '2024-06-07 11:15:44');
insert into `stepupdb`.`order_delivery` (id, order_id, delivery_person_id, delivery_status, remark, created_at, updated_at) values (3033, 1095, 66, 'DELIVERED', null, '2024-07-21 18:29:12', '2024-08-02 02:42:55');
insert into `stepupdb`.`order_delivery` (id, order_id, delivery_person_id, delivery_status, remark, created_at, updated_at) values (3034, 1097, 19, 'CANCELLED', null, '2025-02-15 20:28:19', '2024-12-21 00:23:53');
insert into `stepupdb`.`order_delivery` (id, order_id, delivery_person_id, delivery_status, remark, created_at, updated_at) values (3035, 1074, 41, 'CANCELLED', null, '2025-03-09 11:35:17', '2024-05-20 23:45:16');
insert into `stepupdb`.`order_delivery` (id, order_id, delivery_person_id, delivery_status, remark, created_at, updated_at) values (3036, 1092, 55, 'CANCELLED', null, '2024-10-14 09:21:06', '2024-07-24 16:35:43');
insert into `stepupdb`.`order_delivery` (id, order_id, delivery_person_id, delivery_status, remark, created_at, updated_at) values (3037, 1058, 32, 'CANCELLED', null, '2024-10-15 21:08:57', '2024-08-25 17:04:36');
insert into `stepupdb`.`order_delivery` (id, order_id, delivery_person_id, delivery_status, remark, created_at, updated_at) values (3038, 1067, 55, 'REJECTED', null, '2025-03-17 20:23:58', '2024-10-29 17:32:16');
insert into `stepupdb`.`order_delivery` (id, order_id, delivery_person_id, delivery_status, remark, created_at, updated_at) values (3039, 1012, 16, 'DELIVERED', null, '2024-04-06 02:00:31', '2025-02-22 02:54:13');
insert into `stepupdb`.`order_delivery` (id, order_id, delivery_person_id, delivery_status, remark, created_at, updated_at) values (3040, 1047, 13, 'REJECTED', null, '2024-06-19 09:43:28', '2024-05-23 15:52:34');
insert into `stepupdb`.`order_delivery` (id, order_id, delivery_person_id, delivery_status, remark, created_at, updated_at) values (3041, 1051, 5, 'IN_TRANSIT', null, '2025-01-10 04:55:06', '2024-09-14 08:28:41');
insert into `stepupdb`.`order_delivery` (id, order_id, delivery_person_id, delivery_status, remark, created_at, updated_at) values (3042, 1033, 84, 'PENDING', null, '2024-11-06 12:28:25', '2025-01-16 22:37:18');
insert into `stepupdb`.`order_delivery` (id, order_id, delivery_person_id, delivery_status, remark, created_at, updated_at) values (3043, 1004, 67, 'PENDING', null, '2024-03-20 21:17:14', '2024-09-22 12:04:34');
insert into `stepupdb`.`order_delivery` (id, order_id, delivery_person_id, delivery_status, remark, created_at, updated_at) values (3044, 1071, 20, 'IN_TRANSIT', null, '2024-09-28 07:24:37', '2024-03-27 02:45:44');
insert into `stepupdb`.`order_delivery` (id, order_id, delivery_person_id, delivery_status, remark, created_at, updated_at) values (3045, 1020, 60, 'IN_TRANSIT', null, '2024-04-12 11:08:12', '2024-08-22 15:53:07');
insert into `stepupdb`.`order_delivery` (id, order_id, delivery_person_id, delivery_status, remark, created_at, updated_at) values (3046, 1094, 48, 'DELIVERED', null, '2024-05-21 10:56:20', '2024-09-26 23:55:05');
insert into `stepupdb`.`order_delivery` (id, order_id, delivery_person_id, delivery_status, remark, created_at, updated_at) values (3047, 1064, 9, 'CANCELLED', null, '2024-07-21 21:03:08', '2024-09-04 11:54:59');
insert into `stepupdb`.`order_delivery` (id, order_id, delivery_person_id, delivery_status, remark, created_at, updated_at) values (3048, 1072, 7, 'CANCELLED', null, '2024-07-22 13:47:20', '2024-11-04 23:44:11');
insert into `stepupdb`.`order_delivery` (id, order_id, delivery_person_id, delivery_status, remark, created_at, updated_at) values (3049, 1042, 21, 'REJECTED', null, '2025-01-03 09:23:25', '2024-05-02 14:01:24');
insert into `stepupdb`.`order_delivery` (id, order_id, delivery_person_id, delivery_status, remark, created_at, updated_at) values (3050, 1095, 67, 'DELIVERED', null, '2024-04-15 03:54:33', '2024-07-13 19:57:40');
insert into `stepupdb`.`order_delivery` (id, order_id, delivery_person_id, delivery_status, remark, created_at, updated_at) values (3051, 1014, 92, 'REJECTED', null, '2024-05-21 20:19:47', '2024-11-12 18:13:21');
insert into `stepupdb`.`order_delivery` (id, order_id, delivery_person_id, delivery_status, remark, created_at, updated_at) values (3052, 1036, 57, 'CANCELLED', null, '2024-12-06 21:46:22', '2024-08-28 18:18:50');
insert into `stepupdb`.`order_delivery` (id, order_id, delivery_person_id, delivery_status, remark, created_at, updated_at) values (3053, 1012, 87, 'REJECTED', null, '2024-06-14 00:35:35', '2024-11-17 03:36:17');
insert into `stepupdb`.`order_delivery` (id, order_id, delivery_person_id, delivery_status, remark, created_at, updated_at) values (3054, 1007, 75, 'PENDING', null, '2024-10-09 16:25:47', '2024-07-10 22:15:05');
insert into `stepupdb`.`order_delivery` (id, order_id, delivery_person_id, delivery_status, remark, created_at, updated_at) values (3055, 1088, 24, 'PENDING', null, '2024-11-17 12:23:48', '2024-10-08 20:14:38');
insert into `stepupdb`.`order_delivery` (id, order_id, delivery_person_id, delivery_status, remark, created_at, updated_at) values (3056, 1054, 69, 'IN_TRANSIT', null, '2024-08-25 05:11:17', '2024-11-08 16:12:18');
insert into `stepupdb`.`order_delivery` (id, order_id, delivery_person_id, delivery_status, remark, created_at, updated_at) values (3057, 1048, 82, 'CANCELLED', null, '2024-12-18 08:35:08', '2024-05-19 05:21:59');
insert into `stepupdb`.`order_delivery` (id, order_id, delivery_person_id, delivery_status, remark, created_at, updated_at) values (3058, 1085, 72, 'PENDING', null, '2024-05-24 17:55:30', '2025-02-19 07:47:28');
insert into `stepupdb`.`order_delivery` (id, order_id, delivery_person_id, delivery_status, remark, created_at, updated_at) values (3059, 1080, 89, 'PENDING', null, '2024-05-19 00:48:41', '2025-03-10 06:55:42');
insert into `stepupdb`.`order_delivery` (id, order_id, delivery_person_id, delivery_status, remark, created_at, updated_at) values (3060, 1011, 93, 'IN_TRANSIT', null, '2025-01-29 12:51:29', '2024-04-12 15:18:13');
insert into `stepupdb`.`order_delivery` (id, order_id, delivery_person_id, delivery_status, remark, created_at, updated_at) values (3061, 1036, 86, 'DELIVERED', null, '2024-11-16 06:05:38', '2024-09-19 05:38:21');
insert into `stepupdb`.`order_delivery` (id, order_id, delivery_person_id, delivery_status, remark, created_at, updated_at) values (3062, 1079, 85, 'REJECTED', null, '2024-07-18 17:53:24', '2025-01-28 05:46:53');
insert into `stepupdb`.`order_delivery` (id, order_id, delivery_person_id, delivery_status, remark, created_at, updated_at) values (3063, 1037, 57, 'REJECTED', null, '2024-10-07 12:51:59', '2024-11-26 18:55:10');
insert into `stepupdb`.`order_delivery` (id, order_id, delivery_person_id, delivery_status, remark, created_at, updated_at) values (3064, 1092, 91, 'PENDING', null, '2024-09-12 16:51:32', '2024-08-15 10:11:33');
insert into `stepupdb`.`order_delivery` (id, order_id, delivery_person_id, delivery_status, remark, created_at, updated_at) values (3065, 1037, 25, 'DELIVERED', null, '2024-06-27 11:14:21', '2025-02-11 13:25:33');
insert into `stepupdb`.`order_delivery` (id, order_id, delivery_person_id, delivery_status, remark, created_at, updated_at) values (3066, 1047, 12, 'CANCELLED', null, '2024-05-28 17:07:57', '2025-01-29 23:48:02');
insert into `stepupdb`.`order_delivery` (id, order_id, delivery_person_id, delivery_status, remark, created_at, updated_at) values (3067, 1077, 41, 'DELIVERED', null, '2024-06-09 04:16:13', '2024-12-09 00:29:56');
insert into `stepupdb`.`order_delivery` (id, order_id, delivery_person_id, delivery_status, remark, created_at, updated_at) values (3068, 1010, 67, 'CANCELLED', null, '2025-02-11 17:31:58', '2024-05-31 00:10:15');
insert into `stepupdb`.`order_delivery` (id, order_id, delivery_person_id, delivery_status, remark, created_at, updated_at) values (3069, 1014, 28, 'REJECTED', null, '2024-07-07 05:41:25', '2025-01-10 15:53:07');
insert into `stepupdb`.`order_delivery` (id, order_id, delivery_person_id, delivery_status, remark, created_at, updated_at) values (3070, 1063, 30, 'DELIVERED', null, '2025-02-22 01:49:07', '2024-12-14 05:45:31');
insert into `stepupdb`.`order_delivery` (id, order_id, delivery_person_id, delivery_status, remark, created_at, updated_at) values (3071, 1004, 2, 'REJECTED', null, '2024-12-23 12:15:41', '2025-02-01 22:51:31');
insert into `stepupdb`.`order_delivery` (id, order_id, delivery_person_id, delivery_status, remark, created_at, updated_at) values (3072, 1031, 65, 'IN_TRANSIT', null, '2024-04-19 22:02:15', '2024-08-27 12:37:04');
insert into `stepupdb`.`order_delivery` (id, order_id, delivery_person_id, delivery_status, remark, created_at, updated_at) values (3073, 1075, 30, 'IN_TRANSIT', null, '2025-02-26 02:08:40', '2024-09-28 21:33:55');
insert into `stepupdb`.`order_delivery` (id, order_id, delivery_person_id, delivery_status, remark, created_at, updated_at) values (3074, 1008, 50, 'PENDING', null, '2024-04-15 17:37:02', '2025-02-02 13:05:40');
insert into `stepupdb`.`order_delivery` (id, order_id, delivery_person_id, delivery_status, remark, created_at, updated_at) values (3075, 1078, 42, 'IN_TRANSIT', null, '2024-07-14 03:35:26', '2024-07-21 05:43:12');
insert into `stepupdb`.`order_delivery` (id, order_id, delivery_person_id, delivery_status, remark, created_at, updated_at) values (3076, 1027, 47, 'CANCELLED', null, '2024-05-06 23:57:53', '2024-05-02 17:00:03');
insert into `stepupdb`.`order_delivery` (id, order_id, delivery_person_id, delivery_status, remark, created_at, updated_at) values (3077, 1027, 11, 'REJECTED', null, '2024-04-18 11:15:38', '2024-07-14 14:43:44');
insert into `stepupdb`.`order_delivery` (id, order_id, delivery_person_id, delivery_status, remark, created_at, updated_at) values (3078, 1030, 23, 'DELIVERED', null, '2024-11-07 08:39:50', '2024-07-10 13:22:30');
insert into `stepupdb`.`order_delivery` (id, order_id, delivery_person_id, delivery_status, remark, created_at, updated_at) values (3079, 1024, 45, 'PENDING', null, '2024-11-06 20:05:46', '2024-04-01 19:01:37');
insert into `stepupdb`.`order_delivery` (id, order_id, delivery_person_id, delivery_status, remark, created_at, updated_at) values (3080, 1022, 34, 'IN_TRANSIT', null, '2024-08-21 19:06:33', '2025-02-17 03:55:38');
insert into `stepupdb`.`order_delivery` (id, order_id, delivery_person_id, delivery_status, remark, created_at, updated_at) values (3081, 1033, 85, 'DELIVERED', null, '2024-10-17 13:23:54', '2025-02-23 08:50:50');
insert into `stepupdb`.`order_delivery` (id, order_id, delivery_person_id, delivery_status, remark, created_at, updated_at) values (3082, 1022, 78, 'DELIVERED', null, '2024-11-10 11:55:54', '2025-01-31 08:26:00');
insert into `stepupdb`.`order_delivery` (id, order_id, delivery_person_id, delivery_status, remark, created_at, updated_at) values (3083, 1018, 12, 'IN_TRANSIT', null, '2024-12-11 16:44:32', '2024-06-04 07:10:25');
insert into `stepupdb`.`order_delivery` (id, order_id, delivery_person_id, delivery_status, remark, created_at, updated_at) values (3084, 1097, 16, 'REJECTED', null, '2024-10-18 03:52:06', '2024-05-22 22:13:37');
insert into `stepupdb`.`order_delivery` (id, order_id, delivery_person_id, delivery_status, remark, created_at, updated_at) values (3085, 1029, 31, 'REJECTED', null, '2024-08-08 02:51:03', '2024-09-06 15:37:10');
insert into `stepupdb`.`order_delivery` (id, order_id, delivery_person_id, delivery_status, remark, created_at, updated_at) values (3086, 1075, 26, 'REJECTED', null, '2025-02-07 05:49:45', '2024-07-10 16:36:53');
insert into `stepupdb`.`order_delivery` (id, order_id, delivery_person_id, delivery_status, remark, created_at, updated_at) values (3087, 1009, 34, 'DELIVERED', null, '2024-09-19 05:19:41', '2024-03-28 17:09:23');
insert into `stepupdb`.`order_delivery` (id, order_id, delivery_person_id, delivery_status, remark, created_at, updated_at) values (3088, 1060, 14, 'CANCELLED', null, '2024-09-28 17:10:44', '2024-11-06 09:24:22');
insert into `stepupdb`.`order_delivery` (id, order_id, delivery_person_id, delivery_status, remark, created_at, updated_at) values (3089, 1039, 91, 'PENDING', null, '2024-10-28 17:29:55', '2024-08-04 23:08:17');
insert into `stepupdb`.`order_delivery` (id, order_id, delivery_person_id, delivery_status, remark, created_at, updated_at) values (3090, 1084, 92, 'IN_TRANSIT', null, '2024-05-30 12:27:06', '2024-09-09 20:01:16');
insert into `stepupdb`.`order_delivery` (id, order_id, delivery_person_id, delivery_status, remark, created_at, updated_at) values (3091, 1022, 44, 'IN_TRANSIT', null, '2024-09-18 20:58:35', '2024-04-30 12:40:38');
insert into `stepupdb`.`order_delivery` (id, order_id, delivery_person_id, delivery_status, remark, created_at, updated_at) values (3092, 1014, 42, 'PENDING', null, '2024-07-10 07:06:58', '2024-06-24 18:52:45');
insert into `stepupdb`.`order_delivery` (id, order_id, delivery_person_id, delivery_status, remark, created_at, updated_at) values (3093, 1073, 6, 'REJECTED', null, '2024-10-21 04:45:17', '2025-01-08 21:57:52');
insert into `stepupdb`.`order_delivery` (id, order_id, delivery_person_id, delivery_status, remark, created_at, updated_at) values (3094, 1074, 24, 'PENDING', null, '2024-11-05 17:31:24', '2025-01-04 05:54:29');
insert into `stepupdb`.`order_delivery` (id, order_id, delivery_person_id, delivery_status, remark, created_at, updated_at) values (3095, 1042, 48, 'IN_TRANSIT', null, '2024-06-11 18:33:18', '2024-05-05 12:18:31');
insert into `stepupdb`.`order_delivery` (id, order_id, delivery_person_id, delivery_status, remark, created_at, updated_at) values (3096, 1009, 21, 'DELIVERED', null, '2024-10-26 17:19:14', '2024-05-29 11:58:57');
insert into `stepupdb`.`order_delivery` (id, order_id, delivery_person_id, delivery_status, remark, created_at, updated_at) values (3097, 1044, 49, 'DELIVERED', null, '2024-10-07 10:20:49', '2024-09-01 15:56:33');
insert into `stepupdb`.`order_delivery` (id, order_id, delivery_person_id, delivery_status, remark, created_at, updated_at) values (3098, 1052, 77, 'IN_TRANSIT', null, '2024-12-23 15:58:01', '2024-12-14 07:03:32');
insert into `stepupdb`.`order_delivery` (id, order_id, delivery_person_id, delivery_status, remark, created_at, updated_at) values (3099, 1031, 62, 'CANCELLED', null, '2024-05-29 01:40:35', '2024-07-05 05:21:35');
insert into `stepupdb`.`order_delivery` (id, order_id, delivery_person_id, delivery_status, remark, created_at, updated_at) values (3100, 1002, 57, 'PENDING', null, '2024-06-08 08:24:07', '2024-05-05 18:46:38');


